,a,Rank by filter,City,Country,Congestion Level,morning,eve,waste,Congestion Level2,waste2,lat,lon
0,https://www.tomtom.com/en_gb/traffic-index/bengaluru-traffic#statistics,1,Bengaluru,India,71%,98,115,243 hours,71,243,12.9715987,77.5945627
1,https://www.tomtom.com/en_gb/traffic-index/manila-traffic#statistics,2,Manila,Philippines,71%,95,128,257 hours,71,257,14.5995124,120.9842195
2,https://www.tomtom.com/en_gb/traffic-index/bogota-traffic#statistics,3,Bogota,Colombia,68%5%,93,110,230 hours,68,230,4.710988599999999,-74.072092
3,https://www.tomtom.com/en_gb/traffic-index/mumbai-traffic#statistics,4,Mumbai,India,65%0%,80,103,209 hours,65,209,19.0759837,72.8776559
4,https://www.tomtom.com/en_gb/traffic-index/pune-traffic#statistics,5,Pune,India,59%,70,99,193 hours,59,193,18.5204303,73.8567437
5,https://www.tomtom.com/en_gb/traffic-index/moscow-traffic#statistics,6,Moscow region (oblast),Russia,59%3%,87,108,225 hours,59,225,55.340396,38.2917651
6,https://www.tomtom.com/en_gb/traffic-index/lima-traffic#statistics,7,Lima,Peru,57%1%,81,101,209 hours,57,209,-12.0463731,-77.042754
7,https://www.tomtom.com/en_gb/traffic-index/new-delhi-traffic#statistics,8,New Delhi,India,56%2%,72,94,190 hours,56,190,28.6139391,77.2090212
8,https://www.tomtom.com/en_gb/traffic-index/istanbul-traffic#statistics,9,Istanbul,Turkey,55%2%,80,114,225 hours,55,225,41.0082376,28.9783589
9,https://www.tomtom.com/en_gb/traffic-index/jakarta-traffic#statistics,10,Jakarta,Indonesia,53%0%,62,87,174 hours,53,174,-6.2087634,106.845599
10,https://www.tomtom.com/en_gb/traffic-index/bangkok-traffic#statistics,11,Bangkok,Thailand,53%0%,79,99,207 hours,53,207,13.7563309,100.5017651
11,https://www.tomtom.com/en_gb/traffic-index/kiev-traffic#statistics,12,Kyiv,Ukraine,53%7%,94,104,227 hours,53,227,50.4501,30.5234
12,https://www.tomtom.com/en_gb/traffic-index/mexico-city-traffic#statistics,13,Mexico City,Mexico,52%0%,82,87,195 hours,52,195,19.4326077,-99.133208
13,https://www.tomtom.com/en_gb/traffic-index/bucharest-traffic#statistics,14,Bucharest,Romania,52%4%,94,103,227 hours,52,227,44.4267674,26.1025384
14,https://www.tomtom.com/en_gb/traffic-index/recife-traffic#statistics,15,Recife,Brazil,50%1%,79,89,193 hours,50,193,-8.0522404,-34.9286096
15,https://www.tomtom.com/en_gb/traffic-index/saint-petersburg-traffic#statistics,16,Saint Petersburg,Russia,49%2%,79,99,207 hours,49,207,59.9342802,30.3350986
16,https://www.tomtom.com/en_gb/traffic-index/dublin-traffic#statistics,17,Dublin,Ireland,48%3%,91,95,213 hours,48,213,53.3498053,-6.2603097
17,https://www.tomtom.com/en_gb/traffic-index/odessa-traffic#statistics,18,Odessa,Ukraine,47%,74,84,184 hours,47,184,46.482526,30.7233095
18,https://www.tomtom.com/en_gb/traffic-index/lodz-traffic#statistics,19,Lodz,Poland,47%3%,68,90,186 hours,47,186,51.7592485,19.4559833
19,https://www.tomtom.com/en_gb/traffic-index/rio-de-janeiro-traffic#statistics,20,Rio de Janeiro,Brazil,46%4%,65,85,172 hours,46,172,-22.9068467,-43.1728965
20,https://www.tomtom.com/en_gb/traffic-index/tel-aviv-traffic#statistics,21,Tel Aviv,Israel,46%4%,93,90,211 hours,46,211,32.0852999,34.78176759999999
21,https://www.tomtom.com/en_gb/traffic-index/krakow-traffic#statistics,22,Krakow,Poland,45%5%,74,95,195 hours,45,195,50.06465009999999,19.9449799
22,https://www.tomtom.com/en_gb/traffic-index/novosibirsk-traffic#statistics,23,Novosibirsk,Russia,45%1%,77,92,195 hours,45,195,55.00835259999999,82.9357327
23,https://www.tomtom.com/en_gb/traffic-index/sao-paulo-traffic#statistics,24,Sao Paulo,Brazil,45%3%,68,87,177 hours,45,177,-23.5505199,-46.63330939999999
24,https://www.tomtom.com/en_gb/traffic-index/samara-traffic#statistics,25,Samara,Russia,44%,78,86,188 hours,44,188,53.2415041,50.2212463
25,https://www.tomtom.com/en_gb/traffic-index/santiago-traffic#statistics,26,Santiago,Chile,44%4%,76,84,184 hours,44,184,-33.4488897,-70.6692655
26,https://www.tomtom.com/en_gb/traffic-index/poznan-traffic#statistics,27,Poznan,Poland,44%5%,64,85,174 hours,44,174,52.406374,16.9251681
27,https://www.tomtom.com/en_gb/traffic-index/salvador-traffic#statistics,28,Salvador,Brazil,43%5%,69,87,179 hours,43,179,-12.977749,-38.5016301
28,https://www.tomtom.com/en_gb/traffic-index/kharkiv-traffic#statistics,29,Kharkiv,Ukraine,43%,73,69,163 hours,43,163,49.9935,36.230383
29,https://www.tomtom.com/en_gb/traffic-index/athens-traffic#statistics,30,Athens,Greece,43%3%,76,70,167 hours,43,167,37.9838096,23.7275388
30,https://www.tomtom.com/en_gb/traffic-index/los-angeles-traffic#statistics,31,Los Angeles,United States of America,42%1%,64,82,167 hours,42,167,34.0522342,-118.2436849
31,https://www.tomtom.com/en_gb/traffic-index/tokyo-traffic#statistics,32,Tokyo,Japan,42%1%,66,64,149 hours,42,149,35.6761919,139.6503106
32,https://www.tomtom.com/en_gb/traffic-index/edinburgh-traffic#statistics,33,Edinburgh,United Kingdom,41%1%,72,79,172 hours,41,172,55.953252,-3.188267
33,https://www.tomtom.com/en_gb/traffic-index/chongqing-traffic#statistics,34,Chongqing,China,41%3%,80,86,190 hours,41,190,29.4315861,106.912251
34,https://www.tomtom.com/en_gb/traffic-index/yekaterinburg-traffic#statistics,35,Yekaterinburg,Russia,41%4%,78,86,188 hours,41,188,56.83892609999999,60.6057025
35,https://www.tomtom.com/en_gb/traffic-index/cairo-traffic#statistics,36,Cairo,Egypt,40%4%,42,73,138 hours,40,138,30.0444196,31.2357116
36,https://www.tomtom.com/en_gb/traffic-index/warsaw-traffic#statistics,37,Warsaw,Poland,40%1%,75,84,184 hours,40,184,52.2296756,21.0122287
37,https://www.tomtom.com/en_gb/traffic-index/guangzhou-traffic#statistics,38,Guangzhou,China,40%2%,51,76,147 hours,40,147,23.12911,113.264385
38,https://www.tomtom.com/en_gb/traffic-index/zhuhai-traffic#statistics,39,Zhuhai,China,39%3%,61,88,172 hours,39,172,22.270978,113.576677
39,https://www.tomtom.com/en_gb/traffic-index/vancouver-traffic#statistics,40,Vancouver,Canada,39%1%,58,71,149 hours,39,149,49.2827291,-123.1207375
40,https://www.tomtom.com/en_gb/traffic-index/wroclaw-traffic#statistics,41,Wroclaw,Poland,39%4%,64,82,170 hours,39,170,51.1078852,17.0385376
41,https://www.tomtom.com/en_gb/traffic-index/paris-traffic#statistics,42,Paris,France,39%3%,72,71,163 hours,39,163,48.856614,2.3522219
42,https://www.tomtom.com/en_gb/traffic-index/rome-traffic#statistics,43,Rome,Italy,38%1%,79,70,172 hours,38,172,41.9027835,12.4963655
43,https://www.tomtom.com/en_gb/traffic-index/brussels-traffic#statistics,44,Brussels,Belgium,38%1%,75,77,174 hours,38,174,50.8503396,4.3517103
44,https://www.tomtom.com/en_gb/traffic-index/london-traffic#statistics,45,London,United Kingdom,38%1%,63,67,149 hours,38,149,51.5073509,-0.1277583
45,https://www.tomtom.com/en_gb/traffic-index/kuala-lumpur-traffic#statistics,46,Kuala Lumpur,Malaysia,37%1%,63,84,170 hours,37,170,3.139003,101.686855
46,https://www.tomtom.com/en_gb/traffic-index/dnipro-traffic#statistics,47,Dnipro,Ukraine,37%,65,65,149 hours,37,149,48.464717,35.046183
47,https://www.tomtom.com/en_gb/traffic-index/budapest-traffic#statistics,48,Budapest,Hungary,37%2%,65,67,151 hours,37,151,47.497912,19.040235
48,https://www.tomtom.com/en_gb/traffic-index/shenzhen-traffic#statistics,49,Shenzhen,China,37%1%,51,63,131 hours,37,131,22.543096,114.057865
49,https://www.tomtom.com/en_gb/traffic-index/fortaleza-traffic#statistics,50,Fortaleza,Brazil,37%2%,61,70,151 hours,37,151,-3.7327144,-38.5269981
50,https://www.tomtom.com/en_gb/traffic-index/beijing-traffic#statistics,51,Beijing,China,37%3%,64,67,149 hours,37,149,39.90419989999999,116.4073963
51,https://www.tomtom.com/en_gb/traffic-index/new-york-traffic#statistics,52,New York,United States of America,37%1%,54,70,142 hours,37,142,40.7127753,-74.0059728
52,https://www.tomtom.com/en_gb/traffic-index/luxembourg-traffic#statistics,53,Luxembourg,Luxembourg,36%3%,70,72,163 hours,36,163,49.61162100000001,6.1319346
53,https://www.tomtom.com/en_gb/traffic-index/sofia-traffic#statistics,54,Sofia,Bulgaria,36%1%,68,73,163 hours,36,163,42.6977082,23.3218675
54,https://www.tomtom.com/en_gb/traffic-index/bratislava-traffic#statistics,55,Bratislava,Slovakia,36%3%,76,70,167 hours,36,167,48.1485965,17.1077478
55,https://www.tomtom.com/en_gb/traffic-index/palermo-traffic#statistics,56,Palermo,Italy,36%1%,59,61,138 hours,36,138,38.11569,13.3614868
56,https://www.tomtom.com/en_gb/traffic-index/osaka-traffic#statistics,57,Osaka,Japan,36%0%,55,56,128 hours,36,128,34.6937249,135.5022535
57,https://www.tomtom.com/en_gb/traffic-index/rostov-on-don-traffic#statistics,58,Rostov-on-Don,Russia,36%,65,69,154 hours,36,154,47.2357137,39.701505
58,https://www.tomtom.com/en_gb/traffic-index/san-francisco-traffic#statistics,59,San Francisco,United States of America,36%2%,58,69,147 hours,36,147,37.7749295,-122.4194155
59,https://www.tomtom.com/en_gb/traffic-index/belo-horizonte-traffic#statistics,60,Belo Horizonte,Brazil,35%2%,53,80,154 hours,35,154,-19.9166813,-43.9344931
60,https://www.tomtom.com/en_gb/traffic-index/changsha-traffic#statistics,61,Changsha,China,35%1%,64,70,154 hours,35,154,28.228209,112.938814
61,https://www.tomtom.com/en_gb/traffic-index/porto-alegre-traffic#statistics,62,Porto Alegre,Brazil,35%2%,51,80,154 hours,35,154,-30.0346471,-51.2176584
62,https://www.tomtom.com/en_gb/traffic-index/brighton-and-hove-traffic#statistics,63,Brighton and Hove,United Kingdom,35%1%,63,62,142 hours,35,142,50.8226288,-0.137047
63,https://www.tomtom.com/en_gb/traffic-index/taipei-traffic#statistics,64,Taipei,Taiwan,35%1%,55,63,138 hours,35,138,25.0329694,121.5654177
64,https://www.tomtom.com/en_gb/traffic-index/chengdu-traffic#statistics,65,Chengdu,China,35%4%,62,63,142 hours,35,142,30.572815,104.066801
65,https://www.tomtom.com/en_gb/traffic-index/buenos-aires-traffic#statistics,66,Buenos Aires,Argentina,35%1%,57,59,133 hours,35,133,-34.6036844,-58.3815591
66,https://www.tomtom.com/en_gb/traffic-index/mons-traffic#statistics,67,Mons,Belgium,34%18%,53,63,133 hours,34,133,50.4542408,3.956659
67,https://www.tomtom.com/en_gb/traffic-index/marseille-traffic#statistics,68,Marseille,France,34%1%,62,70,151 hours,34,151,43.296482,5.36978
68,https://www.tomtom.com/en_gb/traffic-index/bournemouth-traffic#statistics,69,Bournemouth,United Kingdom,34%0%,60,65,144 hours,34,144,50.719164,-1.880769
69,https://www.tomtom.com/en_gb/traffic-index/hamburg-traffic#statistics,70,Hamburg,Germany,34%1%,54,61,131 hours,34,131,53.5510846,9.9936819
70,https://www.tomtom.com/en_gb/traffic-index/bydgoszcz-traffic#statistics,71,Bydgoszcz,Poland,34%3%,49,70,140 hours,34,140,53.12348040000001,18.0084378
71,https://www.tomtom.com/en_gb/traffic-index/chelyabinsk-traffic#statistics,72,Chelyabinsk,Russia,34%,65,66,149 hours,34,149,55.1644419,61.4368432
72,https://www.tomtom.com/en_gb/traffic-index/hull-traffic#statistics,73,Hull,United Kingdom,34%0%,63,68,151 hours,34,151,53.76762360000001,-0.3274198
73,https://www.tomtom.com/en_gb/traffic-index/taichung-traffic#statistics,74,Taichung,Taiwan,34%1%,37,60,119 hours,34,119,24.1477358,120.6736482
74,https://www.tomtom.com/en_gb/traffic-index/cork-traffic#statistics,75,Cork,Ireland,33%1%,74,74,170 hours,33,170,51.8985143,-8.4756035
75,https://www.tomtom.com/en_gb/traffic-index/belfast-traffic#statistics,76,Belfast,United Kingdom,33%1%,74,64,158 hours,33,158,54.59728500000001,-5.93012
76,https://www.tomtom.com/en_gb/traffic-index/geneva-traffic#statistics,77,Geneva,Switzerland,33%0%,54,68,140 hours,33,140,46.2043907,6.1431577
77,https://www.tomtom.com/en_gb/traffic-index/changchun-traffic#statistics,78,Changchun,China,33%5%,63,64,144 hours,33,144,43.817071,125.323544
78,https://www.tomtom.com/en_gb/traffic-index/southampton-traffic#statistics,79,Southampton,United Kingdom,33%6%,60,65,144 hours,33,144,50.90970040000001,-1.4043509
79,https://www.tomtom.com/en_gb/traffic-index/toronto-traffic#statistics,80,Toronto,Canada,33%1%,56,68,142 hours,33,142,43.653226,-79.3831843
80,https://www.tomtom.com/en_gb/traffic-index/lisbon-traffic#statistics,81,Lisbon,Portugal,33%1%,66,76,163 hours,33,163,38.7222524,-9.1393366
81,https://www.tomtom.com/en_gb/traffic-index/gdansk-gdynia-sopot-traffic#statistics,82,"Gdansk, Gdynia and Sopot",Poland,33%3%,53,75,151 hours,33,151,54.441581,18.5600956
82,https://www.tomtom.com/en_gb/traffic-index/bristol-traffic#statistics,83,Bristol,United Kingdom,33%1%,62,68,149 hours,33,149,51.454513,-2.58791
83,https://www.tomtom.com/en_gb/traffic-index/san-jose-traffic#statistics,84,San Jose,United States of America,33%1%,60,77,158 hours,33,158,37.3382082,-121.8863286
84,https://www.tomtom.com/en_gb/traffic-index/nagoya-traffic#statistics,85,Nagoya,Japan,33%1%,56,53,126 hours,33,126,35.18145060000001,136.9065571
85,https://www.tomtom.com/en_gb/traffic-index/sydney-traffic#statistics,86,Sydney,Australia,33%1%,63,58,138 hours,33,138,-33.8688197,151.2092955
86,https://www.tomtom.com/en_gb/traffic-index/kaohsiung-traffic#statistics,87,Kaohsiung,Taiwan,33%1%,35,55,110 hours,33,110,22.6272784,120.3014353
87,https://www.tomtom.com/en_gb/traffic-index/manchester-traffic#statistics,88,Manchester,United Kingdom,33%1%,61,76,158 hours,33,158,53.4807593,-2.2426305
88,https://www.tomtom.com/en_gb/traffic-index/reading-traffic#statistics,89,Reading,United Kingdom,32%8%,58,57,133 hours,32,133,51.4542645,-0.9781303
89,https://www.tomtom.com/en_gb/traffic-index/omsk-traffic#statistics,90,Omsk,Russia,32%,62,66,147 hours,32,147,54.9884804,73.3242361
90,https://www.tomtom.com/en_gb/traffic-index/vilnius-traffic#statistics,91,Vilnius,Lithuania,32%2%,67,76,167 hours,32,167,54.6871555,25.2796514
91,https://www.tomtom.com/en_gb/traffic-index/naples-traffic#statistics,92,Naples,Italy,32%2%,54,62,135 hours,32,135,40.8517983,14.26812
92,https://www.tomtom.com/en_gb/traffic-index/bordeaux-traffic#statistics,93,Bordeaux,France,32%0%,68,69,156 hours,32,156,44.837789,-0.57918
93,https://www.tomtom.com/en_gb/traffic-index/berlin-traffic#statistics,94,Berlin,Germany,32%1%,49,59,124 hours,32,124,52.52000659999999,13.404954
94,https://www.tomtom.com/en_gb/traffic-index/nizhny-novgorod-traffic#statistics,95,Nizhny Novgorod,Russia,32%0%,63,72,156 hours,32,156,56.2965039,43.93605900000001
95,https://www.tomtom.com/en_gb/traffic-index/singapore-traffic#statistics,96,Singapore,Singapore,32%1%,57,61,135 hours,32,135,1.352083,103.819836
96,https://www.tomtom.com/en_gb/traffic-index/antwerp-traffic#statistics,97,Antwerp,Belgium,32%1%,56,62,135 hours,32,135,51.2194475,4.4024643
97,https://www.tomtom.com/en_gb/traffic-index/leicester-traffic#statistics,98,Leicester,United Kingdom,32%2%,62,68,149 hours,32,149,52.6368778,-1.1397592
98,https://www.tomtom.com/en_gb/traffic-index/grenoble-traffic#statistics,99,Grenoble,France,32%3%,63,70,151 hours,32,151,45.188529,5.724524
99,https://www.tomtom.com/en_gb/traffic-index/ankara-traffic#statistics,100,Ankara,Turkey,32%1%,55,66,140 hours,32,140,39.9333635,32.8597419
100,https://www.tomtom.com/en_gb/traffic-index/cape-town-traffic#statistics,101,Cape Town,South Africa,32%1%,69,65,154 hours,32,154,-33.9248685,18.4240553
101,https://www.tomtom.com/en_gb/traffic-index/wiesbaden-traffic#statistics,102,Wiesbaden,Germany,32%8%,50,61,128 hours,32,128,50.0782184,8.239760799999999
102,https://www.tomtom.com/en_gb/traffic-index/zurich-traffic#statistics,103,Zurich,Switzerland,32%1%,52,67,138 hours,32,138,47.3768866,8.541694
103,https://www.tomtom.com/en_gb/traffic-index/messina-traffic#statistics,104,Messina,Italy,31%1%,51,48,115 hours,31,115,38.1937335,15.5542057
104,https://www.tomtom.com/en_gb/traffic-index/auckland-traffic#statistics,105,Auckland,New Zealand,31%2%,65,75,163 hours,31,163,-36.8484597,174.7633315
105,https://www.tomtom.com/en_gb/traffic-index/tomsk-traffic#statistics,106,Tomsk,Russia,31%,57,67,144 hours,31,144,56.5010397,84.9924506
106,https://www.tomtom.com/en_gb/traffic-index/milan-traffic#statistics,107,Milan,Italy,31%1%,69,60,149 hours,31,149,45.4642035,9.189982
107,https://www.tomtom.com/en_gb/traffic-index/hong-kong-traffic#statistics,108,Hong Kong,Hong Kong,31%1%,56,58,131 hours,31,131,22.3193039,114.1693611
108,https://www.tomtom.com/en_gb/traffic-index/porto-traffic#statistics,109,Porto,Portugal,31%3%,61,71,154 hours,31,154,41.1579438,-8.629105299999999
109,https://www.tomtom.com/en_gb/traffic-index/seattle-traffic#statistics,110,Seattle,United States of America,31%0%,54,66,138 hours,31,138,47.6062095,-122.3320708
110,https://www.tomtom.com/en_gb/traffic-index/tallinn-traffic#statistics,111,Tallinn,Estonia,31%1%,53,60,131 hours,31,131,59.43696079999999,24.7535747
111,https://www.tomtom.com/en_gb/traffic-index/xiamen-traffic#statistics,112,Xiamen,China,31%0%,50,72,142 hours,31,142,24.479833,118.089425
112,https://www.tomtom.com/en_gb/traffic-index/miami-traffic#statistics,113,Miami,United States of America,31%1%,52,64,133 hours,31,133,25.7616798,-80.1917902
113,https://www.tomtom.com/en_gb/traffic-index/tainan-traffic#statistics,114,Tainan,Taiwan,31%1%,37,50,105 hours,31,105,22.9997281,120.2270277
114,https://www.tomtom.com/en_gb/traffic-index/shanghai-traffic#statistics,115,Shanghai,China,31%2%,60,57,133 hours,31,133,31.230416,121.473701
115,https://www.tomtom.com/en_gb/traffic-index/nice-traffic#statistics,116,Nice,France,31%0%,53,67,138 hours,31,138,43.7101728,7.261953200000001
116,https://www.tomtom.com/en_gb/traffic-index/lugano-traffic#statistics,117,Lugano,Switzerland,31%3%,54,66,138 hours,31,138,46.0036778,8.951051999999999
117,https://www.tomtom.com/en_gb/traffic-index/limerick-traffic#statistics,118,Limerick,Ireland,31%2%,54,53,124 hours,31,124,52.6638367,-8.6267343
118,https://www.tomtom.com/en_gb/traffic-index/brno-traffic#statistics,119,Brno,Czechia,30%3%,52,56,124 hours,30,124,49.1950602,16.6068371
119,https://www.tomtom.com/en_gb/traffic-index/lyon-traffic#statistics,120,Lyon,France,30%1%,62,63,142 hours,30,142,45.764043,4.835659
120,https://www.tomtom.com/en_gb/traffic-index/johannesburg-traffic#statistics,121,Johannesburg,South Africa,30%0%,67,67,154 hours,30,154,-26.2041028,28.0473051
121,https://www.tomtom.com/en_gb/traffic-index/szczecin-traffic#statistics,122,Szczecin,Poland,30%3%,43,62,124 hours,30,124,53.4285438,14.5528116
122,https://www.tomtom.com/en_gb/traffic-index/melbourne-traffic#statistics,123,Melbourne,Australia,30%1%,55,57,128 hours,30,128,-37.8136276,144.9630576
123,https://www.tomtom.com/en_gb/traffic-index/munich-traffic#statistics,124,Munich,Germany,30%0%,54,60,131 hours,30,131,48.1351253,11.5819805
124,https://www.tomtom.com/en_gb/traffic-index/cardiff-traffic#statistics,125,Cardiff,United Kingdom,30%2%,59,62,138 hours,30,138,51.48158100000001,-3.17909
125,https://www.tomtom.com/en_gb/traffic-index/nanjing-traffic#statistics,126,Nanjing,China,30%0%,58,53,128 hours,30,128,32.060255,118.796877
126,https://www.tomtom.com/en_gb/traffic-index/taoyuan-traffic#statistics,127,Taoyuan,Taiwan,30%2%,49,57,124 hours,30,124,24.9936281,121.3009798
127,https://www.tomtom.com/en_gb/traffic-index/genoa-traffic#statistics,128,Genoa,Italy,30%1%,53,54,121 hours,30,121,44.4056499,8.946256
128,https://www.tomtom.com/en_gb/traffic-index/nuremberg-traffic#statistics,129,Nuremberg,Germany,30%0%,47,56,119 hours,30,119,49.4521018,11.0766654
129,https://www.tomtom.com/en_gb/traffic-index/thessaloniki-traffic#statistics,130,Thessaloniki,Greece,30%2%,43,42,98 hours,30,98,40.6400629,22.9444191
130,https://www.tomtom.com/en_gb/traffic-index/leiden-traffic#statistics,131,Leiden,Netherlands,30%3%,62,56,135 hours,30,135,52.1601144,4.4970097
131,https://www.tomtom.com/en_gb/traffic-index/stuttgart-traffic#statistics,132,Stuttgart,Germany,30%0%,48,58,124 hours,30,124,48.7758459,9.1829321
132,https://www.tomtom.com/en_gb/traffic-index/sapporo-traffic#statistics,133,Sapporo,Japan,30%0%,44,44,101 hours,30,101,43.0617713,141.3544507
133,https://www.tomtom.com/en_gb/traffic-index/izmir-traffic#statistics,134,Izmir,Turkey,29%1%,49,70,140 hours,29,140,38.423734,27.142826
134,https://www.tomtom.com/en_gb/traffic-index/bonn-traffic#statistics,135,Bonn,Germany,29%2%,52,61,131 hours,29,131,50.73743,7.0982068
135,https://www.tomtom.com/en_gb/traffic-index/prague-traffic#statistics,136,Prague,Czechia,29%2%,58,54,128 hours,29,128,50.0755381,14.4378005
136,https://www.tomtom.com/en_gb/traffic-index/catania-traffic#statistics,137,Catania,Italy,29%1%,49,53,117 hours,29,117,37.5078772,15.0830304
137,https://www.tomtom.com/en_gb/traffic-index/montreal-traffic#statistics,138,Montreal,Canada,29%2%,51,61,131 hours,29,131,45.5016889,-73.567256
138,https://www.tomtom.com/en_gb/traffic-index/ottawa-traffic#statistics,139,Ottawa,Canada,29%2%,54,67,140 hours,29,140,45.4215296,-75.69719309999999
139,https://www.tomtom.com/en_gb/traffic-index/barcelona-traffic#statistics,140,Barcelona,Spain,29%0%,56,56,128 hours,29,128,41.3850639,2.1734035
140,https://www.tomtom.com/en_gb/traffic-index/washington-traffic#statistics,141,Washington,United States of America,29%1%,47,61,126 hours,29,126,47.7510741,-120.7401385
141,https://www.tomtom.com/en_gb/traffic-index/toulon-traffic#statistics,142,Toulon,France,29%1%,53,65,135 hours,29,135,43.124228,5.928
142,https://www.tomtom.com/en_gb/traffic-index/kazan-traffic#statistics,143,Kazan,Russia,29%,53,62,133 hours,29,133,55.8304307,49.06608060000001
143,https://www.tomtom.com/en_gb/traffic-index/antalya-traffic#statistics,144,Antalya,Turkey,29%2%,40,54,112 hours,29,112,36.8968908,30.7133233
144,https://www.tomtom.com/en_gb/traffic-index/liverpool-traffic#statistics,145,Liverpool,United Kingdom,28%1%,49,52,115 hours,28,115,53.4083714,-2.9915726
145,https://www.tomtom.com/en_gb/traffic-index/toulouse-traffic#statistics,146,Toulouse,France,28%0%,71,65,158 hours,28,158,43.604652,1.444209
146,https://www.tomtom.com/en_gb/traffic-index/wellington-traffic#statistics,147,Wellington,New Zealand,28%1%,64,60,142 hours,28,142,-41.2864603,174.776236
147,https://www.tomtom.com/en_gb/traffic-index/chicago-traffic#statistics,148,Chicago,United States of America,28%0%,41,58,115 hours,28,115,41.8781136,-87.6297982
148,https://www.tomtom.com/en_gb/traffic-index/curitiba-traffic#statistics,149,Curitiba,Brazil,28%1%,42,71,138 hours,28,138,-25.4808762,-49.3044253
149,https://www.tomtom.com/en_gb/traffic-index/kassel-traffic#statistics,150,Kassel,Germany,28%,41,57,115 hours,28,115,51.3127114,9.4797461
150,https://www.tomtom.com/en_gb/traffic-index/the-hague-traffic#statistics,151,The Hague,Netherlands,28%0%,47,61,124 hours,28,124,52.0704978,4.3006999
151,https://www.tomtom.com/en_gb/traffic-index/bari-traffic#statistics,152,Bari,Italy,28%1%,45,48,105 hours,28,105,41.1171432,16.8718715
152,https://www.tomtom.com/en_gb/traffic-index/birmingham-traffic#statistics,153,Birmingham-Wolverhampton,United Kingdom,28%0%,51,61,128 hours,28,128,52.586973,-2.12882
153,https://www.tomtom.com/en_gb/traffic-index/hangzhou-traffic#statistics,154,Hangzhou,China,28%1%,43,43,98 hours,28,98,30.274084,120.15507
154,https://www.tomtom.com/en_gb/traffic-index/vienna-traffic#statistics,155,Vienna,Austria,28%1%,44,54,112 hours,28,112,48.2081743,16.3738189
155,https://www.tomtom.com/en_gb/traffic-index/honolulu-traffic#statistics,156,Honolulu,United States of America,28%0%,55,63,135 hours,28,135,21.3069444,-157.8583333
156,https://www.tomtom.com/en_gb/traffic-index/fuzhou-traffic#statistics,157,Fuzhou,China,28%4%,42,54,110 hours,28,110,26.074478,119.296482
157,https://www.tomtom.com/en_gb/traffic-index/stoke-on-trent-traffic#statistics,158,Stoke-on-Trent,United Kingdom,28%4%,52,56,124 hours,28,124,53.002668,-2.179404
158,https://www.tomtom.com/en_gb/traffic-index/shenyang-traffic#statistics,159,Shenyang,China,28%7%,46,51,112 hours,28,112,41.805699,123.431472
159,https://www.tomtom.com/en_gb/traffic-index/strasbourg-traffic#statistics,160,Strasbourg,France,28%2%,47,68,133 hours,28,133,48.5734053,7.752111299999999
160,https://www.tomtom.com/en_gb/traffic-index/sheffield-traffic#statistics,161,Sheffield,United Kingdom,28%1%,54,55,126 hours,28,126,53.38112899999999,-1.470085
161,https://www.tomtom.com/en_gb/traffic-index/austin-traffic#statistics,162,Austin,United States of America,27%2%,45,68,133 hours,27,133,30.267153,-97.7430608
162,https://www.tomtom.com/en_gb/traffic-index/haarlem-traffic#statistics,163,Haarlem,Netherlands,27%1%,49,42,103 hours,27,103,52.3873878,4.6462194
163,https://www.tomtom.com/en_gb/traffic-index/wuhan-traffic#statistics,164,Wuhan,China,27%5%,46,49,110 hours,27,110,30.592849,114.305539
164,https://www.tomtom.com/en_gb/traffic-index/nantes-traffic#statistics,165,Nantes,France,27%1%,61,61,140 hours,27,140,47.218371,-1.553621
165,https://www.tomtom.com/en_gb/traffic-index/nottingham-traffic#statistics,166,Nottingham,United Kingdom,27%1%,54,61,131 hours,27,131,52.95478319999999,-1.1581086
166,https://www.tomtom.com/en_gb/traffic-index/reggio-calabria-traffic#statistics,167,Reggio Calabria,Italy,27%0%,35,45,94 hours,27,94,38.1113006,15.6472914
167,https://www.tomtom.com/en_gb/traffic-index/bremen-traffic#statistics,168,Bremen,Germany,27%3%,36,55,108 hours,27,108,53.07929619999999,8.8016936
168,https://www.tomtom.com/en_gb/traffic-index/stockholm-traffic#statistics,169,Stockholm,Sweden,27%1%,53,62,133 hours,27,133,59.32932349999999,18.0685808
169,https://www.tomtom.com/en_gb/traffic-index/riga-traffic#statistics,170,Riga,Latvia,27%3%,51,59,126 hours,27,126,56.9496487,24.1051865
170,https://www.tomtom.com/en_gb/traffic-index/lausanne-traffic#statistics,171,Lausanne,Switzerland,27%1%,44,64,124 hours,27,124,46.5196535,6.6322734
171,https://www.tomtom.com/en_gb/traffic-index/lublin-traffic#statistics,172,Lublin,Poland,27%2%,40,48,101 hours,27,101,51.2464536,22.5684463
172,https://www.tomtom.com/en_gb/traffic-index/salzburg-traffic#statistics,173,Salzburg,Austria,27%1%,38,48,101 hours,27,101,47.80949,13.05501
173,https://www.tomtom.com/en_gb/traffic-index/frankfurt-am-main-traffic#statistics,174,Frankfurt am Main,Germany,27%1%,54,51,121 hours,27,121,50.1109221,8.6821267
174,https://www.tomtom.com/en_gb/traffic-index/nijmegen-traffic#statistics,175,Nijmegen,Netherlands,27%5%,41,56,112 hours,27,112,51.8448837,5.842828099999999
175,https://www.tomtom.com/en_gb/traffic-index/turin-traffic#statistics,176,Turin,Italy,27%3%,55,53,124 hours,27,124,45.0703393,7.686864
176,https://www.tomtom.com/en_gb/traffic-index/leeds-bradford-traffic#statistics,177,Leeds-Bradford,United Kingdom,27%0%,51,61,128 hours,27,128,53.86794339999999,-1.6615306
177,https://www.tomtom.com/en_gb/traffic-index/kobe-traffic#statistics,178,Kobe,Japan,26%1%,34,41,87 hours,26,87,34.6900806,135.1956311
178,https://www.tomtom.com/en_gb/traffic-index/swansea-traffic#statistics,179,Swansea,United Kingdom,26%0%,45,53,112 hours,26,112,51.62144,-3.943645999999999
179,https://www.tomtom.com/en_gb/traffic-index/baton-rouge-traffic#statistics,180,Baton Rouge,United States of America,26%0%,35,67,119 hours,26,119,30.4514677,-91.18714659999999
180,https://www.tomtom.com/en_gb/traffic-index/adana-traffic#statistics,181,Adana,Turkey,26%0%,36,43,92 hours,26,92,36.9914194,35.3308285
181,https://www.tomtom.com/en_gb/traffic-index/san-diego-traffic#statistics,182,San Diego,United States of America,26%1%,46,60,124 hours,26,124,32.715738,-117.1610838
182,https://www.tomtom.com/en_gb/traffic-index/basel-traffic#statistics,183,Basel,Switzerland,26%0%,40,68,128 hours,26,128,47.5595986,7.5885761
183,https://www.tomtom.com/en_gb/traffic-index/boston-traffic#statistics,184,Boston,United States of America,26%1%,45,54,115 hours,26,115,42.3600825,-71.0588801
184,https://www.tomtom.com/en_gb/traffic-index/montpellier-traffic#statistics,185,Montpellier,France,26%1%,54,55,124 hours,26,124,43.610769,3.876716
185,https://www.tomtom.com/en_gb/traffic-index/shijiazhuang-traffic#statistics,186,Shijiazhuang,China,26%6%,38,46,96 hours,26,96,38.042805,114.514893
186,https://www.tomtom.com/en_gb/traffic-index/kosice-traffic#statistics,187,Kosice,Slovakia,26%2%,55,42,110 hours,26,110,48.7163857,21.2610746
187,https://www.tomtom.com/en_gb/traffic-index/portsmouth-traffic#statistics,188,Portsmouth,United Kingdom,26%2%,43,51,108 hours,26,108,50.8197675,-1.0879769
188,https://www.tomtom.com/en_gb/traffic-index/portland-traffic#statistics,189,Portland,United States of America,26%2%,37,58,112 hours,26,112,45.5051064,-122.6750261
189,https://www.tomtom.com/en_gb/traffic-index/amsterdam-traffic#statistics,190,Amsterdam,Netherlands,26%2%,42,56,112 hours,26,112,52.3666969,4.8945398
190,https://www.tomtom.com/en_gb/traffic-index/bialystok-traffic#statistics,191,Bialystok,Poland,26%1%,42,48,105 hours,26,105,53.13248859999999,23.1688403
191,https://www.tomtom.com/en_gb/traffic-index/nashville-traffic#statistics,192,Nashville,United States of America,26%4%,47,64,128 hours,26,128,36.1626638,-86.7816016
192,https://www.tomtom.com/en_gb/traffic-index/riverside-traffic#statistics,193,Riverside,United States of America,26%3%,41,54,110 hours,26,110,33.9806005,-117.3754942
193,https://www.tomtom.com/en_gb/traffic-index/clermont-ferrand-traffic#statistics,194,Clermont-Ferrand,France,26%3%,44,55,115 hours,26,115,45.77722199999999,3.087025
194,https://www.tomtom.com/en_gb/traffic-index/cologne-traffic#statistics,195,Cologne,Germany,26%1%,44,52,110 hours,26,110,50.937531,6.9602786
195,https://www.tomtom.com/en_gb/traffic-index/atlanta-traffic#statistics,196,Atlanta,United States of America,26%0%,45,61,124 hours,26,124,33.7489954,-84.3879824
196,https://www.tomtom.com/en_gb/traffic-index/kiel-traffic#statistics,197,Kiel,Germany,26%5%,41,44,98 hours,26,98,54.3232927,10.1227651
197,https://www.tomtom.com/en_gb/traffic-index/graz-traffic#statistics,198,Graz,Austria,26%0%,44,44,101 hours,26,101,47.070714,15.439504
198,https://www.tomtom.com/en_gb/traffic-index/arnhem-traffic#statistics,199,Arnhem,Netherlands,26%2%,41,63,119 hours,26,119,51.9851034,5.898729599999999
199,https://www.tomtom.com/en_gb/traffic-index/ljubljana-traffic#statistics,200,Ljubljana,Slovenia,26%3%,49,59,124 hours,26,124,46.0569465,14.5057515
200,https://www.tomtom.com/en_gb/traffic-index/newcastle-sunderland-traffic#statistics,201,Newcastle-Sunderland,United Kingdom,25%0%,50,50,115 hours,25,115,54.906869,-1.383801
201,https://www.tomtom.com/en_gb/traffic-index/granada-traffic#statistics,202,Granada,Spain,25%1%,47,36,94 hours,25,94,37.1773363,-3.5985571
202,https://www.tomtom.com/en_gb/traffic-index/lille-traffic#statistics,203,Lille,France,25%1%,58,54,128 hours,25,128,50.62925,3.057256
203,https://www.tomtom.com/en_gb/traffic-index/glasgow-traffic#statistics,204,Glasgow,United Kingdom,25%1%,50,54,119 hours,25,119,55.864237,-4.251806
204,https://www.tomtom.com/en_gb/traffic-index/bologna-traffic#statistics,205,Bologna,Italy,25%0%,53,52,121 hours,25,121,44.494887,11.3426162
205,https://www.tomtom.com/en_gb/traffic-index/sacramento-traffic#statistics,206,Sacramento,United States of America,25%2%,42,56,115 hours,25,115,38.5815719,-121.4943996
206,https://www.tomtom.com/en_gb/traffic-index/pretoria-traffic#statistics,207,Pretoria,South Africa,25%0%,60,55,131 hours,25,131,-25.7478676,28.2292712
207,https://www.tomtom.com/en_gb/traffic-index/bursa-traffic#statistics,208,Bursa,Turkey,25%1%,32,55,105 hours,25,105,40.1885281,29.0609636
208,https://www.tomtom.com/en_gb/traffic-index/hamilton-nz-traffic#statistics,209,Hamilton,New Zealand,25%3%,49,56,121 hours,25,121,-37.7870012,175.279253
209,https://www.tomtom.com/en_gb/traffic-index/florence-traffic#statistics,210,Florence,Italy,25%0%,49,49,112 hours,25,112,43.7695604,11.2558136
210,https://www.tomtom.com/en_gb/traffic-index/dresden-traffic#statistics,211,Dresden,Germany,25%1%,41,46,101 hours,25,101,51.0504088,13.7372621
211,https://www.tomtom.com/en_gb/traffic-index/brisbane-traffic#statistics,212,Brisbane,Australia,25%0%,46,48,108 hours,25,108,-27.4697707,153.0251235
212,https://www.tomtom.com/en_gb/traffic-index/halifax-traffic#statistics,213,Halifax,Canada,25%3%,44,57,117 hours,25,117,44.64876350000001,-63.5752387
213,https://www.tomtom.com/en_gb/traffic-index/coventry-traffic#statistics,214,Coventry,United Kingdom,25%4%,50,52,117 hours,25,117,52.406822,-1.519693
214,https://www.tomtom.com/en_gb/traffic-index/rotterdam-traffic#statistics,215,Rotterdam,Netherlands,25%2%,37,62,115 hours,25,115,51.9244201,4.4777326
215,https://www.tomtom.com/en_gb/traffic-index/kuwait-city-traffic#statistics,216,Kuwait City,Kuwait,25%1%,37,34,82 hours,25,82,29.375859,47.9774052
216,https://www.tomtom.com/en_gb/traffic-index/ningbo-traffic#statistics,217,Ningbo,China,24%2%,43,51,108 hours,24,108,29.868336,121.54399
217,https://www.tomtom.com/en_gb/traffic-index/liege-traffic#statistics,218,Liege,Belgium,24%4%,46,53,115 hours,24,115,50.6325574,5.5796662
218,https://www.tomtom.com/en_gb/traffic-index/dusseldorf-traffic#statistics,219,Dusseldorf,Germany,24%3%,49,45,108 hours,24,108,51.2277411,6.7734556
219,https://www.tomtom.com/en_gb/traffic-index/palma-de-mallorca-traffic#statistics,220,Palma de Mallorca,Spain,24%1%,47,44,105 hours,24,105,39.5696005,2.6501603
220,https://www.tomtom.com/en_gb/traffic-index/philadelphia-traffic#statistics,221,Philadelphia,United States of America,24%0%,38,53,105 hours,24,105,39.9525839,-75.1652215
221,https://www.tomtom.com/en_gb/traffic-index/rennes-traffic#statistics,222,Rennes,France,24%2%,53,63,133 hours,24,133,48.117266,-1.6777926
222,https://www.tomtom.com/en_gb/traffic-index/riyadh-traffic#statistics,223,Riyadh,Saudi Arabia,24%1%,38,43,94 hours,24,94,24.7135517,46.6752957
223,https://www.tomtom.com/en_gb/traffic-index/houston-traffic#statistics,224,Houston,United States of America,24%1%,43,60,119 hours,24,119,29.7604267,-95.3698028
224,https://www.tomtom.com/en_gb/traffic-index/adelaide-traffic#statistics,225,Adelaide,Australia,24%1%,46,43,103 hours,24,103,-34.9284989,138.6007456
225,https://www.tomtom.com/en_gb/traffic-index/tampa-traffic#statistics,226,Tampa,United States of America,24%1%,39,55,110 hours,24,110,27.950575,-82.4571776
226,https://www.tomtom.com/en_gb/traffic-index/prato-traffic#statistics,227,Prato,Italy,24%1%,54,45,112 hours,24,112,43.8777049,11.102228
227,https://www.tomtom.com/en_gb/traffic-index/leipzig-traffic#statistics,228,Leipzig,Germany,24%2%,37,44,94 hours,24,94,51.3396955,12.3730747
228,https://www.tomtom.com/en_gb/traffic-index/groningen-traffic#statistics,229,Groningen,Netherlands,24%2%,41,41,94 hours,24,94,53.2193835,6.5665017
229,https://www.tomtom.com/en_gb/traffic-index/gold-coast-traffic#statistics,230,Gold Coast,Australia,24%1%,38,40,89 hours,24,89,-28.016667,153.4
230,https://www.tomtom.com/en_gb/traffic-index/brest-traffic#statistics,231,Brest,France,23%1%,40,51,105 hours,23,105,48.390394,-4.486076
231,https://www.tomtom.com/en_gb/traffic-index/freiburg-traffic#statistics,232,Freiburg,Germany,23%2%,35,45,94 hours,23,94,47.9990077,7.842104299999999
232,https://www.tomtom.com/en_gb/traffic-index/tianjin-traffic#statistics,233,Tianjin,China,23%4%,42,43,98 hours,23,98,39.3433574,117.3616476
233,https://www.tomtom.com/en_gb/traffic-index/cagliari-traffic#statistics,234,Cagliari,Italy,23%1%,44,39,94 hours,23,94,39.2238411,9.1216613
234,https://www.tomtom.com/en_gb/traffic-index/ruhr-region-west-traffic#statistics,235,Ruhr region west,Germany,23%0%,41,48,103 hours,23,103,51.5450884,7.198084299999999
235,https://www.tomtom.com/en_gb/traffic-index/gaziantep-traffic#statistics,236,Gaziantep,Turkey,23%0%,28,36,75 hours,23,75,37.065953,37.37811
236,https://www.tomtom.com/en_gb/traffic-index/quanzhou-traffic#statistics,237,Quanzhou,China,23%2%,27,44,85 hours,23,85,24.874132,118.675675
237,https://www.tomtom.com/en_gb/traffic-index/denver-traffic#statistics,238,Denver,United States of America,23%1%,38,51,103 hours,23,103,39.7392358,-104.990251
238,https://www.tomtom.com/en_gb/traffic-index/innsbruck-traffic#statistics,239,Innsbruck,Austria,23%3%,33,40,85 hours,23,85,47.2692124,11.4041024
239,https://www.tomtom.com/en_gb/traffic-index/london-ontario-traffic#statistics,240,London,Canada,23%1%,31,45,89 hours,23,89,42.9849233,-81.2452768
240,https://www.tomtom.com/en_gb/traffic-index/pescara-traffic#statistics,241,Pescara,Italy,23%2%,37,43,92 hours,23,92,42.4617902,14.2160898
241,https://www.tomtom.com/en_gb/traffic-index/hobart-traffic#statistics,242,Hobart,Australia,23%2%,49,42,105 hours,23,105,-42.8821377,147.3271949
242,https://www.tomtom.com/en_gb/traffic-index/madrid-traffic#statistics,243,Madrid,Spain,23%1%,55,46,117 hours,23,117,40.4167754,-3.7037902
243,https://www.tomtom.com/en_gb/traffic-index/santa-cruz-de-tenerife-traffic#statistics,244,Santa Cruz de Tenerife,Spain,23%1%,35,39,85 hours,23,85,28.4636296,-16.2518467
244,https://www.tomtom.com/en_gb/traffic-index/preston-traffic#statistics,245,Preston,United Kingdom,23%1%,44,47,105 hours,23,105,53.763201,-2.70309
245,https://www.tomtom.com/en_gb/traffic-index/mersin-traffic#statistics,246,Mersin,Turkey,23%1%,23,37,73 hours,23,73,36.8121041,34.6414811
246,https://www.tomtom.com/en_gb/traffic-index/winnipeg-traffic#statistics,247,Winnipeg,Canada,22%0%,33,47,94 hours,22,94,49.895136,-97.13837439999999
247,https://www.tomtom.com/en_gb/traffic-index/dongguan-traffic#statistics,248,Dongguan,China,22%2%,30,46,89 hours,22,89,23.020673,113.751799
248,https://www.tomtom.com/en_gb/traffic-index/east-london-traffic#statistics,249,East London,South Africa,22%2%,47,44,105 hours,22,105,-33.0291582,27.8545867
249,https://www.tomtom.com/en_gb/traffic-index/oslo-traffic#statistics,250,Oslo,Norway,22%1%,51,58,126 hours,22,126,59.9138688,10.7522454
250,https://www.tomtom.com/en_gb/traffic-index/karlsruhe-traffic#statistics,251,Karlsruhe,Germany,22%1%,31,46,89 hours,22,89,49.0068901,8.4036527
251,https://www.tomtom.com/en_gb/traffic-index/augsburg-traffic#statistics,252,Augsburg,Germany,22%2%,37,44,94 hours,22,94,48.3705449,10.89779
252,https://www.tomtom.com/en_gb/traffic-index/rouen-traffic#statistics,253,Rouen,France,22%0%,43,48,105 hours,22,105,49.44323199999999,1.099971
253,https://www.tomtom.com/en_gb/traffic-index/orlando-traffic#statistics,254,Orlando,United States of America,22%0%,32,53,98 hours,22,98,28.5383355,-81.3792365
254,https://www.tomtom.com/en_gb/traffic-index/utrecht-traffic#statistics,255,Utrecht,Netherlands,22%1%,37,57,108 hours,22,108,52.09073739999999,5.1214201
255,https://www.tomtom.com/en_gb/traffic-index/eindhoven-traffic#statistics,256,Eindhoven,Netherlands,22%1%,40,47,101 hours,22,101,51.44164199999999,5.4697225
256,https://www.tomtom.com/en_gb/traffic-index/monchengladbach-traffic#statistics,257,Monchengladbach,Germany,22%2%,38,36,85 hours,22,85,51.1804572,6.4428041
257,https://www.tomtom.com/en_gb/traffic-index/linz-traffic#statistics,258,Linz,Austria,22%3%,44,43,98 hours,22,98,48.30694,14.28583
258,https://www.tomtom.com/en_gb/traffic-index/copenhagen-traffic#statistics,259,Copenhagen,Denmark,22%1%,48,45,105 hours,22,105,55.6760968,12.5683372
259,https://www.tomtom.com/en_gb/traffic-index/charleston-traffic#statistics,260,Charleston,United States of America,22%0%,36,53,103 hours,22,103,32.7764749,-79.93105120000001
260,https://www.tomtom.com/en_gb/traffic-index/aarhus-traffic#statistics,261,Aarhus,Denmark,22%1%,46,43,101 hours,22,101,56.162939,10.203921
261,https://www.tomtom.com/en_gb/traffic-index/new-orleans-traffic#statistics,262,New Orleans,United States of America,22%1%,32,48,92 hours,22,92,29.95106579999999,-90.0715323
262,https://www.tomtom.com/en_gb/traffic-index/quebec-traffic#statistics,263,Quebec,Canada,22%1%,45,57,119 hours,22,119,52.9399159,-73.5491361
263,https://www.tomtom.com/en_gb/traffic-index/boise-traffic#statistics,264,Boise,United States of America,21%0%,28,45,87 hours,21,87,43.6150186,-116.2023137
264,https://www.tomtom.com/en_gb/traffic-index/dubai-traffic#statistics,265,Dubai,United Arab Emirates,21%2%,31,43,87 hours,21,87,25.2048493,55.2707828
265,https://www.tomtom.com/en_gb/traffic-index/uppsala-traffic#statistics,266,Uppsala,Sweden,21%1%,35,43,92 hours,21,92,59.85856380000001,17.6389267
266,https://www.tomtom.com/en_gb/traffic-index/bielsko-biala-traffic#statistics,267,Bielsko-Biala,Poland,21%1%,33,37,80 hours,21,80,49.8223768,19.0583845
267,https://www.tomtom.com/en_gb/traffic-index/fresno-traffic#statistics,268,Fresno,United States of America,21%1%,29,38,80 hours,21,80,36.7377981,-119.7871247
268,https://www.tomtom.com/en_gb/traffic-index/christchurch-traffic#statistics,269,Christchurch,New Zealand,21%0%,39,42,94 hours,21,94,-43.5320544,172.6362254
269,https://www.tomtom.com/en_gb/traffic-index/brasilia-traffic#statistics,270,Brasilia,Brazil,21%0%,35,54,105 hours,21,105,-15.826691,-47.92182039999999
270,https://www.tomtom.com/en_gb/traffic-index/mannheim-traffic#statistics,271,Mannheim,Germany,21%2%,33,40,85 hours,21,85,49.4874592,8.466039499999999
271,https://www.tomtom.com/en_gb/traffic-index/cape-coral-fort-myers-traffic#statistics,272,Cape Coral-Fort Myers,United States of America,21%0%,31,39,80 hours,21,80,26.640628,-81.8723084
272,https://www.tomtom.com/en_gb/traffic-index/munster-traffic#statistics,273,Munster,Germany,21%1%,37,40,89 hours,21,89,51.9606649,7.6261347
273,https://www.tomtom.com/en_gb/traffic-index/hannover-traffic#statistics,274,Hannover,Germany,21%1%,35,41,89 hours,21,89,52.3758916,9.732010400000002
274,https://www.tomtom.com/en_gb/traffic-index/breda-traffic#statistics,275,Breda,Netherlands,21%1%,35,46,92 hours,21,92,51.5719149,4.768323
275,https://www.tomtom.com/en_gb/traffic-index/le-havre-traffic#statistics,276,Le Havre,France,21%0%,33,43,87 hours,21,87,49.49437,0.107929
276,https://www.tomtom.com/en_gb/traffic-index/ruhr-region-east-traffic#statistics,277,Ruhr region east,Germany,21%1%,38,41,89 hours,21,89,51.5450884,7.198084299999999
277,https://www.tomtom.com/en_gb/traffic-index/seville-traffic#statistics,278,Seville,Spain,21%1%,40,34,85 hours,21,85,37.3890924,-5.9844589
278,https://www.tomtom.com/en_gb/traffic-index/pittsburgh-traffic#statistics,279,Pittsburgh,United States of America,21%0%,32,43,87 hours,21,87,40.44062479999999,-79.9958864
279,https://www.tomtom.com/en_gb/traffic-index/las-vegas-traffic#statistics,280,Las Vegas,United States of America,21%0%,25,40,78 hours,21,78,36.1699412,-115.1398296
280,https://www.tomtom.com/en_gb/traffic-index/murcia-traffic#statistics,281,Murcia,Spain,21%3%,40,31,80 hours,21,80,37.9922399,-1.1306544
281,https://www.tomtom.com/en_gb/traffic-index/trieste-traffic#statistics,282,Trieste,Italy,21%1%,29,30,69 hours,21,69,45.6495264,13.7768182
282,https://www.tomtom.com/en_gb/traffic-index/bakersfield-traffic#statistics,283,Bakersfield,United States of America,21%3%,27,39,78 hours,21,78,35.3732921,-119.0187125
283,https://www.tomtom.com/en_gb/traffic-index/nancy-traffic#statistics,284,Nancy,France,21%1%,36,48,98 hours,21,98,48.692054,6.184417
284,https://www.tomtom.com/en_gb/traffic-index/verona-traffic#statistics,285,Verona,Italy,20%0%,38,40,89 hours,20,89,45.43838419999999,10.9916215
285,https://www.tomtom.com/en_gb/traffic-index/saint-etienne-traffic#statistics,286,Saint-Etienne,France,20%1%,39,50,103 hours,20,103,45.439695,4.3871779
286,https://www.tomtom.com/en_gb/traffic-index/bern-traffic#statistics,287,Bern,Switzerland,20%0%,34,55,105 hours,20,105,46.9479739,7.4474468
287,https://www.tomtom.com/en_gb/traffic-index/perth-traffic#statistics,288,Perth,Australia,20%0%,39,36,85 hours,20,85,-31.9505269,115.8604572
288,https://www.tomtom.com/en_gb/traffic-index/leuven-traffic#statistics,289,Leuven,Belgium,20%3%,41,48,101 hours,20,101,50.8798438,4.7005176
289,https://www.tomtom.com/en_gb/traffic-index/tauranga-traffic#statistics,290,Tauranga,New Zealand,20%2%,42,39,92 hours,20,92,-37.68779749999999,176.1651295
290,https://www.tomtom.com/en_gb/traffic-index/tilburg-traffic#statistics,291,Tilburg,Netherlands,20%0%,32,40,82 hours,20,82,51.560596,5.0919143
291,https://www.tomtom.com/en_gb/traffic-index/valencia-traffic#statistics,292,Valencia,Spain,20%1%,35,36,82 hours,20,82,39.4699075,-0.3762881
292,https://www.tomtom.com/en_gb/traffic-index/baltimore-traffic#statistics,293,Baltimore,United States of America,20%0%,34,49,96 hours,20,96,39.2903848,-76.6121893
293,https://www.tomtom.com/en_gb/traffic-index/apeldoorn-traffic#statistics,294,Apeldoorn,Netherlands,20%2%,29,45,85 hours,20,85,52.21115700000001,5.9699231
294,https://www.tomtom.com/en_gb/traffic-index/orleans-traffic#statistics,295,Orleans,France,20%1%,34,40,85 hours,20,85,47.902964,1.909251
295,https://www.tomtom.com/en_gb/traffic-index/malaga-traffic#statistics,296,Malaga,Spain,20%1%,33,30,71 hours,20,71,36.7167456,-4.4259962
296,https://www.tomtom.com/en_gb/traffic-index/taranto-traffic#statistics,297,Taranto,Italy,20%1%,27,32,69 hours,20,69,40.46436060000001,17.2470303
297,https://www.tomtom.com/en_gb/traffic-index/dunedin-traffic#statistics,298,Dunedin,New Zealand,20%1%,33,32,73 hours,20,73,-45.8787605,170.5027976
298,https://www.tomtom.com/en_gb/traffic-index/suzhou-traffic#statistics,299,Suzhou,China,20%0%,36,41,89 hours,20,89,31.298974,120.585289
299,https://www.tomtom.com/en_gb/traffic-index/livorno-traffic#statistics,300,Livorno,Italy,20%0%,26,35,71 hours,20,71,43.548473,10.3105674
300,https://www.tomtom.com/en_gb/traffic-index/newcastle-au-traffic#statistics,301,Newcastle,Australia,20%0%,39,35,85 hours,20,85,-32.9282712,151.7816802
301,https://www.tomtom.com/en_gb/traffic-index/providence-traffic#statistics,302,Providence,United States of America,20%1%,31,44,87 hours,20,87,41.8239891,-71.4128343
302,https://www.tomtom.com/en_gb/traffic-index/amersfoort-traffic#statistics,303,Amersfoort,Netherlands,20%0%,29,49,89 hours,20,89,52.1561113,5.387826599999999
303,https://www.tomtom.com/en_gb/traffic-index/ghent-traffic#statistics,304,Ghent,Belgium,20%0%,35,42,89 hours,20,89,51.0543422,3.7174243
304,https://www.tomtom.com/en_gb/traffic-index/middlesbrough-traffic#statistics,305,Middlesbrough,United Kingdom,20%1%,38,39,87 hours,20,87,54.574227,-1.234956
305,https://www.tomtom.com/en_gb/traffic-index/ostrava-traffic#statistics,306,Ostrava,Czechia,20%3%,31,37,78 hours,20,78,49.8209226,18.2625243
306,https://www.tomtom.com/en_gb/traffic-index/charlotte-traffic#statistics,307,Charlotte,United States of America,19%1%,33,54,101 hours,19,101,35.2270869,-80.8431267
307,https://www.tomtom.com/en_gb/traffic-index/dallas-fort-worth-traffic#statistics,308,Dallas-Fort Worth,United States of America,19%1%,34,48,96 hours,19,96,32.8998091,-97.0403352
308,https://www.tomtom.com/en_gb/traffic-index/jeddah-traffic#statistics,309,Jeddah,Saudi Arabia,19%1%,24,37,73 hours,19,73,21.485811,39.19250479999999
309,https://www.tomtom.com/en_gb/traffic-index/mcallen-traffic#statistics,310,McAllen,United States of America,19%2%,29,40,80 hours,19,80,26.2034071,-98.23001239999999
310,https://www.tomtom.com/en_gb/traffic-index/wuxi-traffic#statistics,311,Wuxi,China,19%0%,25,39,75 hours,19,75,31.491169,120.31191
311,https://www.tomtom.com/en_gb/traffic-index/hamilton-traffic#statistics,312,Hamilton,Canada,19%1%,30,43,85 hours,19,85,43.2557206,-79.8711024
312,https://www.tomtom.com/en_gb/traffic-index/namur-traffic#statistics,313,Namur,Belgium,19%10%,38,38,87 hours,19,87,50.4673883,4.8719854
313,https://www.tomtom.com/en_gb/traffic-index/durban-traffic#statistics,314,Durban,South Africa,19%1%,44,41,98 hours,19,98,-29.85868039999999,31.0218404
314,https://www.tomtom.com/en_gb/traffic-index/a-coruna-traffic#statistics,315,A Coruna,Spain,19%0%,31,28,66 hours,19,66,43.3623436,-8.4115401
315,https://www.tomtom.com/en_gb/traffic-index/tucson-traffic#statistics,316,Tucson,United States of America,19%0%,27,35,71 hours,19,71,32.2226066,-110.9747108
316,https://www.tomtom.com/en_gb/traffic-index/turku-traffic#statistics,317,Turku,Finland,19%1%,28,36,75 hours,19,75,60.4518126,22.2666302
317,https://www.tomtom.com/en_gb/traffic-index/san-antonio-traffic#statistics,318,San Antonio,United States of America,19%2%,37,53,105 hours,19,105,29.4241219,-98.49362819999999
318,https://www.tomtom.com/en_gb/traffic-index/helsinki-traffic#statistics,319,Helsinki,Finland,19%1%,34,38,82 hours,19,82,60.16985569999999,24.9383791
319,https://www.tomtom.com/en_gb/traffic-index/katowice-urban-area-traffic#statistics,320,Katowice urban area,Poland,19%3%,32,38,80 hours,19,80,50.25644759999999,18.9067174
320,https://www.tomtom.com/en_gb/traffic-index/salt-lake-city-traffic#statistics,321,Salt Lake City,United States of America,19%2%,26,45,85 hours,19,85,40.7607793,-111.8910474
321,https://www.tomtom.com/en_gb/traffic-index/gothenburg-traffic#statistics,322,Gothenburg,Sweden,18%0%,32,45,89 hours,18,89,57.70887,11.97456
322,https://www.tomtom.com/en_gb/traffic-index/oxnard-thousand-oaks-ventura-traffic#statistics,323,Oxnard-Thousand Oaks-Ventura,United States of America,18%0%,23,38,71 hours,18,71,34.1705609,-118.8375937
323,https://www.tomtom.com/en_gb/traffic-index/avignon-traffic#statistics,324,Avignon,France,18%2%,34,41,87 hours,18,87,43.94931700000001,4.805528
324,https://www.tomtom.com/en_gb/traffic-index/reykjavik-traffic#statistics,325,Reykjavik,Iceland,18%0%,39,46,98 hours,18,98,64.146582,-21.9426354
325,https://www.tomtom.com/en_gb/traffic-index/greenville-traffic#statistics,326,Greenville,United States of America,18%0%,32,42,87 hours,18,87,34.85261759999999,-82.3940104
326,https://www.tomtom.com/en_gb/traffic-index/raleigh-traffic#statistics,327,Raleigh,United States of America,18%1%,31,50,96 hours,18,96,35.7795897,-78.6381787
327,https://www.tomtom.com/en_gb/traffic-index/phoenix-traffic#statistics,328,Phoenix,United States of America,18%1%,35,39,85 hours,18,85,33.4483771,-112.0740373
328,https://www.tomtom.com/en_gb/traffic-index/konya-traffic#statistics,329,Konya,Turkey,18%1%,22,33,66 hours,18,66,37.8746429,32.4931554
329,https://www.tomtom.com/en_gb/traffic-index/odense-traffic#statistics,330,Odense,Denmark,18%2%,34,35,80 hours,18,80,55.40375599999999,10.40237
330,https://www.tomtom.com/en_gb/traffic-index/las-palmas-traffic#statistics,331,Las Palmas,Spain,18%0%,32,29,69 hours,18,69,28.1235459,-15.4362574
331,https://www.tomtom.com/en_gb/traffic-index/alicante-traffic#statistics,332,Alicante,Spain,18%1%,37,26,71 hours,18,71,38.3459963,-0.4906855
332,https://www.tomtom.com/en_gb/traffic-index/bielefeld-traffic#statistics,333,Bielefeld,Germany,18%1%,31,34,73 hours,18,73,52.0302285,8.532470800000002
333,https://www.tomtom.com/en_gb/traffic-index/braga-traffic#statistics,334,Braga,Portugal,18%2%,32,45,89 hours,18,89,41.5454486,-8.426506999999999
334,https://www.tomtom.com/en_gb/traffic-index/birmingham-alabama-traffic#statistics,335,Birmingham,United States of America,18%2%,30,45,87 hours,18,87,33.5185892,-86.8103567
335,https://www.tomtom.com/en_gb/traffic-index/zwolle-traffic#statistics,336,Zwolle,Netherlands,18%1%,30,35,75 hours,18,75,52.5167747,6.083021899999999
336,https://www.tomtom.com/en_gb/traffic-index/le-mans-traffic#statistics,337,Le Mans,France,18%1%,29,38,78 hours,18,78,48.00611000000001,0.199556
337,https://www.tomtom.com/en_gb/traffic-index/calgary-traffic#statistics,338,Calgary,Canada,18%0%,29,37,78 hours,18,78,51.04473309999999,-114.0718831
338,https://www.tomtom.com/en_gb/traffic-index/reggio-emilia-traffic#statistics,339,Reggio Emilia,Italy,18%1%,33,40,85 hours,18,85,44.6989932,10.6296859
339,https://www.tomtom.com/en_gb/traffic-index/dijon-traffic#statistics,340,Dijon,France,17%0%,29,39,78 hours,17,78,47.322047,5.04148
340,https://www.tomtom.com/en_gb/traffic-index/colorado-springs-traffic#statistics,341,Colorado Springs,United States of America,17%1%,24,34,69 hours,17,69,38.8338816,-104.8213634
341,https://www.tomtom.com/en_gb/traffic-index/wuppertal-traffic#statistics,342,Wuppertal,Germany,17%1%,30,34,73 hours,17,73,51.2562128,7.150763599999999
342,https://www.tomtom.com/en_gb/traffic-index/jacksonville-traffic#statistics,343,Jacksonville,United States of America,17%0%,32,43,87 hours,17,87,30.3321838,-81.65565099999999
343,https://www.tomtom.com/en_gb/traffic-index/albuquerque-traffic#statistics,344,Albuquerque,United States of America,17%0%,28,38,78 hours,17,78,35.0843859,-106.650422
344,https://www.tomtom.com/en_gb/traffic-index/padua-traffic#statistics,345,Padua,Italy,17%1%,43,37,92 hours,17,92,45.4064349,11.8767611
345,https://www.tomtom.com/en_gb/traffic-index/parma-traffic#statistics,346,Parma,Italy,17%1%,32,34,75 hours,17,75,44.801485,10.3279036
346,https://www.tomtom.com/en_gb/traffic-index/santander-traffic#statistics,347,Santander,Spain,17%0%,21,26,55 hours,17,55,43.46230569999999,-3.8099803
347,https://www.tomtom.com/en_gb/traffic-index/den-bosch-traffic#statistics,348,Den Bosch,Netherlands,17%1%,28,48,87 hours,17,87,51.6978162,5.3036748
348,https://www.tomtom.com/en_gb/traffic-index/hartford-traffic#statistics,349,Hartford,United States of America,17%1%,28,43,82 hours,17,82,41.7658043,-72.6733723
349,https://www.tomtom.com/en_gb/traffic-index/canberra-traffic#statistics,350,Canberra,Australia,17%1%,38,30,78 hours,17,78,-35.2809368,149.1300092
350,https://www.tomtom.com/en_gb/traffic-index/funchal-traffic#statistics,351,Funchal,Portugal,17%1%,34,41,87 hours,17,87,32.6669328,-16.9240554
351,https://www.tomtom.com/en_gb/traffic-index/minneapolis-traffic#statistics,352,Minneapolis,United States of America,17%1%,29,42,85 hours,17,85,44.977753,-93.2650108
352,https://www.tomtom.com/en_gb/traffic-index/kayseri-traffic#statistics,353,Kayseri,Turkey,17%1%,21,27,57 hours,17,57,38.720489,35.48259700000001
353,https://www.tomtom.com/en_gb/traffic-index/ravenna-traffic#statistics,354,Ravenna,Italy,17%0%,27,32,66 hours,17,66,44.4183598,12.2035294
354,https://www.tomtom.com/en_gb/traffic-index/bruges-traffic#statistics,355,Bruges,Belgium,16%1%,30,31,71 hours,16,71,51.209348,3.2246995
355,https://www.tomtom.com/en_gb/traffic-index/columbus-traffic#statistics,356,Columbus,United States of America,16%1%,25,43,80 hours,16,80,39.9611755,-82.99879419999999
356,https://www.tomtom.com/en_gb/traffic-index/cincinnati-traffic#statistics,357,Cincinnati,United States of America,16%1%,28,42,82 hours,16,82,39.1031182,-84.5120196
357,https://www.tomtom.com/en_gb/traffic-index/reims-traffic#statistics,358,Reims,France,16%0%,27,36,73 hours,16,73,49.258329,4.031696
358,https://www.tomtom.com/en_gb/traffic-index/edmonton-traffic#statistics,359,Edmonton,Canada,16%0%,25,35,71 hours,16,71,53.5461245,-113.4938229
359,https://www.tomtom.com/en_gb/traffic-index/new-haven-traffic#statistics,360,New Haven,United States of America,16%0%,20,38,69 hours,16,69,41.308274,-72.9278835
360,https://www.tomtom.com/en_gb/traffic-index/detroit-traffic#statistics,361,Detroit,United States of America,16%1%,25,38,73 hours,16,73,42.331427,-83.0457538
361,https://www.tomtom.com/en_gb/traffic-index/virginia-beach-traffic#statistics,362,Virginia Beach,United States of America,16%0%,22,36,69 hours,16,69,36.8529263,-75.97798499999999
362,https://www.tomtom.com/en_gb/traffic-index/el-paso-traffic#statistics,363,El Paso,United States of America,16%1%,21,34,64 hours,16,64,31.7618778,-106.4850217
363,https://www.tomtom.com/en_gb/traffic-index/kitchener-waterloo-traffic#statistics,364,Kitchener-Waterloo,Canada,16%2%,25,33,69 hours,16,69,43.4516395,-80.4925337
364,https://www.tomtom.com/en_gb/traffic-index/tours-traffic#statistics,365,Tours,France,16%1%,30,34,73 hours,16,73,47.394144,0.68484
365,https://www.tomtom.com/en_gb/traffic-index/grand-rapids-traffic#statistics,366,Grand Rapids,United States of America,16%2%,26,37,73 hours,16,73,42.9633599,-85.6680863
366,https://www.tomtom.com/en_gb/traffic-index/albany-traffic#statistics,367,Albany,United States of America,16%2%,21,38,71 hours,16,71,42.6525793,-73.7562317
367,https://www.tomtom.com/en_gb/traffic-index/gijon-traffic#statistics,368,Gijon,Spain,16%1%,18,26,52 hours,16,52,43.5322015,-5.6611195
368,https://www.tomtom.com/en_gb/traffic-index/pamplona-traffic#statistics,369,Pamplona,Spain,16%1%,26,24,57 hours,16,57,42.812526,-1.6457745
369,https://www.tomtom.com/en_gb/traffic-index/louisville-traffic#statistics,370,Louisville,United States of America,15%1%,21,39,71 hours,15,71,38.2526647,-85.7584557
370,https://www.tomtom.com/en_gb/traffic-index/kortrijk-traffic#statistics,371,Kortrijk,Belgium,15%3%,29,30,69 hours,15,69,50.8194776,3.2577263
371,https://www.tomtom.com/en_gb/traffic-index/bergen-traffic#statistics,372,Bergen,Norway,15%0%,28,40,80 hours,15,80,60.39126279999999,5.3220544
372,https://www.tomtom.com/en_gb/traffic-index/allentown-traffic#statistics,373,Allentown,United States of America,15%0%,21,34,64 hours,15,64,40.6022939,-75.4714098
373,https://www.tomtom.com/en_gb/traffic-index/vigo-traffic#statistics,374,Vigo,Spain,15%2%,21,23,50 hours,15,50,42.24059889999999,-8.7207268
374,https://www.tomtom.com/en_gb/traffic-index/coimbra-traffic#statistics,375,Coimbra,Portugal,15%1%,29,31,69 hours,15,69,40.2033145,-8.4102573
375,https://www.tomtom.com/en_gb/traffic-index/tampere-traffic#statistics,376,Tampere,Finland,15%0%,22,27,57 hours,15,57,61.4977524,23.7609535
376,https://www.tomtom.com/en_gb/traffic-index/worcester-traffic#statistics,377,Worcester,United States of America,15%1%,20,31,59 hours,15,59,42.2625932,-71.8022934
377,https://www.tomtom.com/en_gb/traffic-index/trondheim-traffic#statistics,378,Trondheim,Norway,15%2%,28,35,75 hours,15,75,63.4305149,10.3950528
378,https://www.tomtom.com/en_gb/traffic-index/malmo-traffic#statistics,379,Malmo,Sweden,15%0%,23,31,62 hours,15,62,55.604981,13.003822
379,https://www.tomtom.com/en_gb/traffic-index/buffalo-traffic#statistics,380,Buffalo,United States of America,15%0%,22,36,69 hours,15,69,42.88644679999999,-78.8783689
380,https://www.tomtom.com/en_gb/traffic-index/memphis-traffic#statistics,381,Memphis,United States of America,15%1%,21,32,62 hours,15,62,35.1495343,-90.0489801
381,https://www.tomtom.com/en_gb/traffic-index/modena-traffic#statistics,382,Modena,Italy,14%1%,29,31,69 hours,14,69,44.647128,10.9252269
382,https://www.tomtom.com/en_gb/traffic-index/st-louis-traffic#statistics,383,St. Louis,United States of America,14%0%,25,36,71 hours,14,71,38.6270025,-90.19940419999999
383,https://www.tomtom.com/en_gb/traffic-index/indianapolis-traffic#statistics,384,Indianapolis,United States of America,14%1%,22,37,69 hours,14,69,39.768403,-86.158068
384,https://www.tomtom.com/en_gb/traffic-index/cordoba-traffic#statistics,385,Cordoba,Spain,14%1%,23,18,48 hours,14,48,37.8881751,-4.7793835
385,https://www.tomtom.com/en_gb/traffic-index/brescia-traffic#statistics,386,Brescia,Italy,14%0%,28,29,64 hours,14,64,45.5415526,10.2118019
386,https://www.tomtom.com/en_gb/traffic-index/vitoria-gasteiz-traffic#statistics,387,Vitoria-Gasteiz,Spain,14%0%,17,23,48 hours,14,48,42.8591656,-2.681791800000001
387,https://www.tomtom.com/en_gb/traffic-index/omaha-council-bluffs-traffic#statistics,388,Omaha-Council Bluffs,United States of America,14%0%,24,35,69 hours,14,69,41.2360849,-95.8872548
388,https://www.tomtom.com/en_gb/traffic-index/oklahoma-city-traffic#statistics,389,Oklahoma City,United States of America,14%1%,22,36,69 hours,14,69,35.4675602,-97.5164276
389,https://www.tomtom.com/en_gb/traffic-index/cartagena-traffic#statistics,390,Cartagena,Spain,14%1%,17,20,43 hours,14,43,37.6256827,-0.9965839
390,https://www.tomtom.com/en_gb/traffic-index/zaragoza-traffic#statistics,391,Zaragoza,Spain,14%0%,21,22,48 hours,14,48,41.6488226,-0.8890853
391,https://www.tomtom.com/en_gb/traffic-index/rochester-traffic#statistics,392,Rochester,United States of America,14%1%,22,32,64 hours,14,64,43.15657789999999,-77.6088465
392,https://www.tomtom.com/en_gb/traffic-index/san-sebastian-traffic#statistics,393,San Sebastian,Spain,14%2%,22,20,48 hours,14,48,43.318334,-1.9812313
393,https://www.tomtom.com/en_gb/traffic-index/wollongong-traffic#statistics,394,Wollongong,Australia,13%0%,26,21,55 hours,13,55,-34.4278121,150.8930607
394,https://www.tomtom.com/en_gb/traffic-index/charleroi-traffic#statistics,395,Charleroi,Belgium,13%1%,21,27,55 hours,13,55,50.4108095,4.444643
395,https://www.tomtom.com/en_gb/traffic-index/valladolid-traffic#statistics,396,Valladolid,Spain,13%0%,21,19,46 hours,13,46,41.652251,-4.724532099999999
396,https://www.tomtom.com/en_gb/traffic-index/stavanger-traffic#statistics,397,Stavanger,Norway,13%2%,24,39,75 hours,13,75,58.9699756,5.7331074
397,https://www.tomtom.com/en_gb/traffic-index/oviedo-traffic#statistics,398,Oviedo,Spain,13%0%,20,23,50 hours,13,50,43.3619145,-5.8493887
398,https://www.tomtom.com/en_gb/traffic-index/columbia-traffic#statistics,399,Columbia,United States of America,13%0%,21,35,66 hours,13,66,34.0007104,-81.0348144
399,https://www.tomtom.com/en_gb/traffic-index/milwaukee-traffic#statistics,400,Milwaukee,United States of America,13%1%,22,30,59 hours,13,59,43.0389025,-87.9064736
400,https://www.tomtom.com/en_gb/traffic-index/bilbao-traffic#statistics,401,Bilbao,Spain,13%0%,24,25,57 hours,13,57,43.2630126,-2.9349852
401,https://www.tomtom.com/en_gb/traffic-index/bloemfontein-traffic#statistics,402,Bloemfontein,South Africa,13%1%,30,23,62 hours,13,62,-29.085214,26.1595761
402,https://www.tomtom.com/en_gb/traffic-index/tulsa-traffic#statistics,403,Tulsa,United States of America,13%1%,16,29,55 hours,13,55,36.1539816,-95.99277500000001
403,https://www.tomtom.com/en_gb/traffic-index/cleveland-traffic#statistics,404,Cleveland,United States of America,12%1%,20,26,55 hours,12,55,41.49932,-81.6943605
404,https://www.tomtom.com/en_gb/traffic-index/knoxville-traffic#statistics,405,Knoxville,United States of America,12%0%,18,32,59 hours,12,59,35.9606384,-83.9207392
405,https://www.tomtom.com/en_gb/traffic-index/kansas-city-traffic#statistics,406,Kansas City,United States of America,12%0%,19,29,55 hours,12,55,39.0997265,-94.5785667
406,https://www.tomtom.com/en_gb/traffic-index/richmond-traffic#statistics,407,Richmond,United States of America,12%1%,19,29,55 hours,12,55,37.5407246,-77.4360481
407,https://www.tomtom.com/en_gb/traffic-index/winston-salem-traffic#statistics,408,Winston-Salem,United States of America,12%2%,17,29,55 hours,12,55,36.09985959999999,-80.244216
408,https://www.tomtom.com/en_gb/traffic-index/little-rock-traffic#statistics,409,Little Rock,United States of America,11%1%,21,27,55 hours,11,55,34.7464809,-92.28959479999999
409,https://www.tomtom.com/en_gb/traffic-index/abu-dhabi-traffic#statistics,410,Abu Dhabi,United Arab Emirates,10%1%,17,18,41 hours,10,41,24.453884,54.3773438
410,https://www.tomtom.com/en_gb/traffic-index/almere-traffic#statistics,411,Almere,Netherlands,10%2%,17,18,41 hours,10,41,52.3507849,5.2647016
411,https://www.tomtom.com/en_gb/traffic-index/dayton-traffic#statistics,412,Dayton,United States of America,10%0%,13,24,43 hours,10,43,39.7589478,-84.1916069
412,https://www.tomtom.com/en_gb/traffic-index/syracuse-traffic#statistics,413,Syracuse,United States of America,10%0%,13,18,36 hours,10,36,43.0481221,-76.14742439999999
413,https://www.tomtom.com/en_gb/traffic-index/akron-traffic#statistics,414,Akron,United States of America,10%0%,14,18,36 hours,10,36,41.0814447,-81.51900529999999
414,https://www.tomtom.com/en_gb/traffic-index/cadiz-traffic#statistics,415,Cadiz,Spain,10%1%,10,9,23 hours,10,23,36.5270612,-6.2885962
415,https://www.tomtom.com/en_gb/traffic-index/greensboro-high-point-traffic#statistics,416,Greensboro-High Point,United States of America,9%0%,11,18,34 hours,9,34,35.9556923,-80.0053176
