,City,a,Rank by filter,Country,Congestion Level,morning,eve,waste,Congestion Level2,waste2,lat,lon,pop,eu
0,Bengaluru,https://www.tomtom.com/en_gb/traffic-index/bengaluru-traffic#statistics,1,India,71%,98,115,243 hours,71,243,12.9715987,77.5945627,6787000.0,0.0
1,Manila,https://www.tomtom.com/en_gb/traffic-index/manila-traffic#statistics,2,Philippines,71%,95,128,257 hours,71,257,14.5995124,120.9842195,11100000.0,0.0
2,Bogota,https://www.tomtom.com/en_gb/traffic-index/bogota-traffic#statistics,3,Colombia,68%5%,93,110,230 hours,68,230,4.710988599999999,-74.072092,7772000.0,0.0
3,Mumbai,https://www.tomtom.com/en_gb/traffic-index/mumbai-traffic#statistics,4,India,65%0%,80,103,209 hours,65,209,19.0759837,72.8776559,18978000.0,0.0
4,Pune,https://www.tomtom.com/en_gb/traffic-index/pune-traffic#statistics,5,India,59%,70,99,193 hours,59,193,18.5204303,73.8567437,4672000.0,0.0
5,Moscow region (oblast),https://www.tomtom.com/en_gb/traffic-index/moscow-traffic#statistics,6,Russia,59%3%,87,108,225 hours,59,225,55.340396,38.2917651,10452000.0,0.0
6,Lima,https://www.tomtom.com/en_gb/traffic-index/lima-traffic#statistics,7,Peru,57%1%,81,101,209 hours,57,209,-12.0463731,-77.042754,8012000.0,0.0
7,New Delhi,https://www.tomtom.com/en_gb/traffic-index/new-delhi-traffic#statistics,8,India,56%2%,72,94,190 hours,56,190,28.6139391,77.2090212,20268785.0,0.0
8,Istanbul,https://www.tomtom.com/en_gb/traffic-index/istanbul-traffic#statistics,9,Turkey,55%2%,80,114,225 hours,55,225,41.0082376,28.9783589,10061000.0,0.0
9,Jakarta,https://www.tomtom.com/en_gb/traffic-index/jakarta-traffic#statistics,10,Indonesia,53%0%,62,87,174 hours,53,174,-6.2087634,106.845599,9125000.0,0.0
10,Bangkok,https://www.tomtom.com/en_gb/traffic-index/bangkok-traffic#statistics,11,Thailand,53%0%,79,99,207 hours,53,207,13.7563309,100.5017651,6704000.0,0.0
11,Kyiv,https://www.tomtom.com/en_gb/traffic-index/kiev-traffic#statistics,12,Ukraine,53%7%,94,104,227 hours,53,227,50.4501,30.5234,2709000.0,0.0
12,Mexico City,https://www.tomtom.com/en_gb/traffic-index/mexico-city-traffic#statistics,13,Mexico,52%0%,82,87,195 hours,52,195,19.4326077,-99.133208,19028000.0,0.0
13,Bucharest,https://www.tomtom.com/en_gb/traffic-index/bucharest-traffic#statistics,14,Romania,52%4%,94,103,227 hours,52,227,44.4267674,26.1025384,1942000.0,1.0
14,Recife,https://www.tomtom.com/en_gb/traffic-index/recife-traffic#statistics,15,Brazil,50%1%,79,89,193 hours,50,193,-8.0522404,-34.9286096,3651000.0,0.0
15,Saint Petersburg,https://www.tomtom.com/en_gb/traffic-index/saint-petersburg-traffic#statistics,16,Russia,49%2%,79,99,207 hours,49,207,59.9342802,30.3350986,4553000.0,0.0
16,Dublin,https://www.tomtom.com/en_gb/traffic-index/dublin-traffic#statistics,17,Ireland,48%3%,91,95,213 hours,48,213,53.3498053,-6.2603097,1059000.0,2.0
17,Odessa,https://www.tomtom.com/en_gb/traffic-index/odessa-traffic#statistics,18,Ukraine,47%,74,84,184 hours,47,184,46.482526,30.7233095,991000.0,0.0
18,Lodz,https://www.tomtom.com/en_gb/traffic-index/lodz-traffic#statistics,19,Poland,47%3%,68,90,186 hours,47,186,51.7592485,19.4559833,758000.0,3.0
19,Rio de Janeiro,https://www.tomtom.com/en_gb/traffic-index/rio-de-janeiro-traffic#statistics,20,Brazil,46%4%,65,85,172 hours,46,172,-22.9068467,-43.1728965,11748000.0,0.0
20,Tel Aviv,https://www.tomtom.com/en_gb/traffic-index/tel-aviv-traffic#statistics,21,Israel,46%4%,93,90,211 hours,46,211,32.0852999,34.78176759999999,3112000.0,0.0
21,Krakow,https://www.tomtom.com/en_gb/traffic-index/krakow-traffic#statistics,22,Poland,45%5%,74,95,195 hours,45,195,50.06465009999999,19.9449799,756000.0,4.0
22,Novosibirsk,https://www.tomtom.com/en_gb/traffic-index/novosibirsk-traffic#statistics,23,Russia,45%1%,77,92,195 hours,45,195,55.00835259999999,82.9357327,1389000.0,0.0
23,Sao Paulo,https://www.tomtom.com/en_gb/traffic-index/sao-paulo-traffic#statistics,24,Brazil,45%3%,68,87,177 hours,45,177,-23.5505199,-46.63330939999999,18845000.0,0.0
24,Samara,https://www.tomtom.com/en_gb/traffic-index/samara-traffic#statistics,25,Russia,44%,78,86,188 hours,44,188,53.2415041,50.2212463,1137000.0,0.0
25,Santiago,https://www.tomtom.com/en_gb/traffic-index/santiago-traffic#statistics,26,Chile,44%4%,76,84,184 hours,44,184,-33.4488897,-70.6692655,5720000.0,0.0
26,Poznan,https://www.tomtom.com/en_gb/traffic-index/poznan-traffic#statistics,27,Poland,44%5%,64,85,174 hours,44,174,52.406374,16.9251681,623997.0,5.0
27,Salvador,https://www.tomtom.com/en_gb/traffic-index/salvador-traffic#statistics,28,Brazil,43%5%,69,87,179 hours,43,179,-12.977749,-38.5016301,3484000.0,0.0
28,Kharkiv,https://www.tomtom.com/en_gb/traffic-index/kharkiv-traffic#statistics,29,Ukraine,43%,73,69,163 hours,43,163,49.9935,36.230383,1461000.0,0.0
29,Athens,https://www.tomtom.com/en_gb/traffic-index/athens-traffic#statistics,30,Greece,43%3%,76,70,167 hours,43,167,37.9838096,23.7275388,3242000.0,6.0
30,Los Angeles,https://www.tomtom.com/en_gb/traffic-index/los-angeles-traffic#statistics,31,United States of America,42%1%,64,82,167 hours,42,167,34.0522342,-118.2436849,12815475.0,0.0
31,Tokyo,https://www.tomtom.com/en_gb/traffic-index/tokyo-traffic#statistics,32,Japan,42%1%,66,64,149 hours,42,149,35.6761919,139.6503106,35676000.0,0.0
32,Edinburgh,https://www.tomtom.com/en_gb/traffic-index/edinburgh-traffic#statistics,33,United Kingdom,41%1%,72,79,172 hours,41,172,55.953252,-3.188267,504966.0,0.0
33,Chongqing,https://www.tomtom.com/en_gb/traffic-index/chongqing-traffic#statistics,34,China,41%3%,80,86,190 hours,41,190,29.4315861,106.912251,6461000.0,0.0
34,Yekaterinburg,https://www.tomtom.com/en_gb/traffic-index/yekaterinburg-traffic#statistics,35,Russia,41%4%,78,86,188 hours,41,188,56.83892609999999,60.6057025,1313000.0,0.0
35,Cairo,https://www.tomtom.com/en_gb/traffic-index/cairo-traffic#statistics,36,Egypt,40%4%,42,73,138 hours,40,138,30.0444196,31.2357116,11893000.0,0.0
36,Warsaw,https://www.tomtom.com/en_gb/traffic-index/warsaw-traffic#statistics,37,Poland,40%1%,75,84,184 hours,40,184,52.2296756,21.0122287,1707000.0,7.0
37,Guangzhou,https://www.tomtom.com/en_gb/traffic-index/guangzhou-traffic#statistics,38,China,40%2%,51,76,147 hours,40,147,23.12911,113.264385,8829000.0,0.0
38,Zhuhai,https://www.tomtom.com/en_gb/traffic-index/zhuhai-traffic#statistics,39,China,39%3%,61,88,172 hours,39,172,22.270978,113.576677,1023000.0,0.0
39,Vancouver,https://www.tomtom.com/en_gb/traffic-index/vancouver-traffic#statistics,40,Canada,39%1%,58,71,149 hours,39,149,49.2827291,-123.1207375,2313328.0,0.0
40,Wroclaw,https://www.tomtom.com/en_gb/traffic-index/wroclaw-traffic#statistics,41,Poland,39%4%,64,82,170 hours,39,170,51.1078852,17.0385376,634893.0,8.0
41,Paris,https://www.tomtom.com/en_gb/traffic-index/paris-traffic#statistics,42,France,39%3%,72,71,163 hours,39,163,48.856614,2.3522219,9904000.0,9.0
42,Rome,https://www.tomtom.com/en_gb/traffic-index/rome-traffic#statistics,43,Italy,38%1%,79,70,172 hours,38,172,41.9027835,12.4963655,3339000.0,10.0
43,Brussels,https://www.tomtom.com/en_gb/traffic-index/brussels-traffic#statistics,44,Belgium,38%1%,75,77,174 hours,38,174,50.8503396,4.3517103,1743000.0,11.0
44,London,https://www.tomtom.com/en_gb/traffic-index/london-traffic#statistics,45,United Kingdom,38%1%,63,67,149 hours,38,149,51.5073509,-0.1277583,8567000.0,0.0
45,Kuala Lumpur,https://www.tomtom.com/en_gb/traffic-index/kuala-lumpur-traffic#statistics,46,Malaysia,37%1%,63,84,170 hours,37,170,3.139003,101.686855,1448000.0,0.0
46,Dnipro,https://www.tomtom.com/en_gb/traffic-index/dnipro-traffic#statistics,47,Ukraine,37%,65,65,149 hours,37,149,48.464717,35.046183,1050000.0,0.0
47,Budapest,https://www.tomtom.com/en_gb/traffic-index/budapest-traffic#statistics,48,Hungary,37%2%,65,67,151 hours,37,151,47.497912,19.040235,1679000.0,12.0
48,Shenzhen,https://www.tomtom.com/en_gb/traffic-index/shenzhen-traffic#statistics,49,China,37%1%,51,63,131 hours,37,131,22.543096,114.057865,7581000.0,0.0
49,Fortaleza,https://www.tomtom.com/en_gb/traffic-index/fortaleza-traffic#statistics,50,Brazil,37%2%,61,70,151 hours,37,151,-3.7327144,-38.5269981,3602319.0,0.0
50,Beijing,https://www.tomtom.com/en_gb/traffic-index/beijing-traffic#statistics,51,China,37%3%,64,67,149 hours,37,149,39.90419989999999,116.4073963,11106000.0,0.0
51,New York,https://www.tomtom.com/en_gb/traffic-index/new-york-traffic#statistics,52,United States of America,37%1%,54,70,142 hours,37,142,40.7127753,-74.0059728,19354922.0,0.0
52,Luxembourg,https://www.tomtom.com/en_gb/traffic-index/luxembourg-traffic#statistics,53,Luxembourg,36%3%,70,72,163 hours,36,163,49.61162100000001,6.1319346,107260.0,13.0
53,Sofia,https://www.tomtom.com/en_gb/traffic-index/sofia-traffic#statistics,54,Bulgaria,36%1%,68,73,163 hours,36,163,42.6977082,23.3218675,1185000.0,14.0
54,Bratislava,https://www.tomtom.com/en_gb/traffic-index/bratislava-traffic#statistics,55,Slovakia,36%3%,76,70,167 hours,36,167,48.1485965,17.1077478,423737.0,15.0
55,Palermo,https://www.tomtom.com/en_gb/traffic-index/palermo-traffic#statistics,56,Italy,36%1%,59,61,138 hours,36,138,38.11569,13.3614868,863000.0,16.0
56,Osaka,https://www.tomtom.com/en_gb/traffic-index/osaka-traffic#statistics,57,Japan,36%0%,55,56,128 hours,36,128,34.6937249,135.5022535,11294000.0,0.0
57,Rostov-on-Don,https://www.tomtom.com/en_gb/traffic-index/rostov-on-don-traffic#statistics,58,Russia,36%,65,69,154 hours,36,154,47.2357137,39.701505,1052000.0,0.0
58,San Francisco,https://www.tomtom.com/en_gb/traffic-index/san-francisco-traffic#statistics,59,United States of America,36%2%,58,69,147 hours,36,147,37.7749295,-122.4194155,3603761.0,0.0
59,Belo Horizonte,https://www.tomtom.com/en_gb/traffic-index/belo-horizonte-traffic#statistics,60,Brazil,35%2%,53,80,154 hours,35,154,-19.9166813,-43.9344931,5575000.0,0.0
60,Changsha,https://www.tomtom.com/en_gb/traffic-index/changsha-traffic#statistics,61,China,35%1%,64,70,154 hours,35,154,28.228209,112.938814,2604000.0,0.0
61,Porto Alegre,https://www.tomtom.com/en_gb/traffic-index/porto-alegre-traffic#statistics,62,Brazil,35%2%,51,80,154 hours,35,154,-30.0346471,-51.2176584,3917000.0,0.0
62,Brighton and Hove,https://www.tomtom.com/en_gb/traffic-index/brighton-and-hove-traffic#statistics,63,United Kingdom,35%1%,63,62,142 hours,35,142,50.8226288,-0.137047,503008.0,0.0
63,Taipei,https://www.tomtom.com/en_gb/traffic-index/taipei-traffic#statistics,64,Taiwan,35%1%,55,63,138 hours,35,138,25.0329694,121.5654177,6900273.0,0.0
64,Chengdu,https://www.tomtom.com/en_gb/traffic-index/chengdu-traffic#statistics,65,China,35%4%,62,63,142 hours,35,142,30.572815,104.066801,4123000.0,0.0
65,Buenos Aires,https://www.tomtom.com/en_gb/traffic-index/buenos-aires-traffic#statistics,66,Argentina,35%1%,57,59,133 hours,35,133,-34.6036844,-58.3815591,12795000.0,0.0
66,Mons,https://www.tomtom.com/en_gb/traffic-index/mons-traffic#statistics,67,Belgium,34%18%,53,63,133 hours,34,133,50.4542408,3.956659,91277.0,17.0
67,Marseille,https://www.tomtom.com/en_gb/traffic-index/marseille-traffic#statistics,68,France,34%1%,62,70,151 hours,34,151,43.296482,5.36978,1400000.0,18.0
68,Bournemouth,https://www.tomtom.com/en_gb/traffic-index/bournemouth-traffic#statistics,69,United Kingdom,34%0%,60,65,144 hours,34,144,50.719164,-1.880769,426945.0,0.0
69,Hamburg,https://www.tomtom.com/en_gb/traffic-index/hamburg-traffic#statistics,70,Germany,34%1%,54,61,131 hours,34,131,53.5510846,9.9936819,1757000.0,19.0
70,Bydgoszcz,https://www.tomtom.com/en_gb/traffic-index/bydgoszcz-traffic#statistics,71,Poland,34%3%,49,70,140 hours,34,140,53.12348040000001,18.0084378,366452.0,20.0
71,Chelyabinsk,https://www.tomtom.com/en_gb/traffic-index/chelyabinsk-traffic#statistics,72,Russia,34%,65,66,149 hours,34,149,55.1644419,61.4368432,1091000.0,0.0
72,Hull,https://www.tomtom.com/en_gb/traffic-index/hull-traffic#statistics,73,United Kingdom,34%0%,63,68,151 hours,34,151,53.76762360000001,-0.3274198,302296.0,0.0
73,Taichung,https://www.tomtom.com/en_gb/traffic-index/taichung-traffic#statistics,74,Taiwan,34%1%,37,60,119 hours,34,119,24.1477358,120.6736482,2629323.0,0.0
74,Cork,https://www.tomtom.com/en_gb/traffic-index/cork-traffic#statistics,75,Ireland,33%1%,74,74,170 hours,33,170,51.8985143,-8.4756035,188907.0,21.0
75,Belfast,https://www.tomtom.com/en_gb/traffic-index/belfast-traffic#statistics,76,United Kingdom,33%1%,74,64,158 hours,33,158,54.59728500000001,-5.93012,450406.0,0.0
76,Geneva,https://www.tomtom.com/en_gb/traffic-index/geneva-traffic#statistics,77,Switzerland,33%0%,54,68,140 hours,33,140,46.2043907,6.1431577,1240000.0,0.0
77,Changchun,https://www.tomtom.com/en_gb/traffic-index/changchun-traffic#statistics,78,China,33%5%,63,64,144 hours,33,144,43.817071,125.323544,3183000.0,0.0
78,Southampton,https://www.tomtom.com/en_gb/traffic-index/southampton-traffic#statistics,79,United Kingdom,33%6%,60,65,144 hours,33,144,50.90970040000001,-1.4043509,384417.0,0.0
79,Toronto,https://www.tomtom.com/en_gb/traffic-index/toronto-traffic#statistics,80,Canada,33%1%,56,68,142 hours,33,142,43.653226,-79.3831843,5213000.0,0.0
80,Lisbon,https://www.tomtom.com/en_gb/traffic-index/lisbon-traffic#statistics,81,Portugal,33%1%,66,76,163 hours,33,163,38.7222524,-9.1393366,2812000.0,22.0
81,"Gdansk, Gdynia and Sopot",https://www.tomtom.com/en_gb/traffic-index/gdansk-gdynia-sopot-traffic#statistics,82,Poland,33%3%,53,75,151 hours,33,151,54.441581,18.5600956,1054664.0,23.0
82,Bristol,https://www.tomtom.com/en_gb/traffic-index/bristol-traffic#statistics,83,United Kingdom,33%1%,62,68,149 hours,33,149,51.454513,-2.58791,553528.0,0.0
83,San Jose,https://www.tomtom.com/en_gb/traffic-index/san-jose-traffic#statistics,84,United States of America,33%1%,60,77,158 hours,33,158,37.3382082,-121.8863286,1821899.0,0.0
84,Nagoya,https://www.tomtom.com/en_gb/traffic-index/nagoya-traffic#statistics,85,Japan,33%1%,56,53,126 hours,33,126,35.18145060000001,136.9065571,3230000.0,0.0
85,Sydney,https://www.tomtom.com/en_gb/traffic-index/sydney-traffic#statistics,86,Australia,33%1%,63,58,138 hours,33,138,-33.8688197,151.2092955,4630000.0,0.0
86,Kaohsiung,https://www.tomtom.com/en_gb/traffic-index/kaohsiung-traffic#statistics,87,Taiwan,33%1%,35,55,110 hours,33,110,22.6272784,120.3014353,2769072.0,0.0
87,Manchester,https://www.tomtom.com/en_gb/traffic-index/manchester-traffic#statistics,88,United Kingdom,33%1%,61,76,158 hours,33,158,53.4807593,-2.2426305,2230000.0,0.0
88,Reading,https://www.tomtom.com/en_gb/traffic-index/reading-traffic#statistics,89,United Kingdom,32%8%,58,57,133 hours,32,133,51.4542645,-0.9781303,369804.0,0.0
89,Omsk,https://www.tomtom.com/en_gb/traffic-index/omsk-traffic#statistics,90,Russia,32%,62,66,147 hours,32,147,54.9884804,73.3242361,1135000.0,0.0
90,Vilnius,https://www.tomtom.com/en_gb/traffic-index/vilnius-traffic#statistics,91,Lithuania,32%2%,67,76,167 hours,32,167,54.6871555,25.2796514,542366.0,24.0
91,Naples,https://www.tomtom.com/en_gb/traffic-index/naples-traffic#statistics,92,Italy,32%2%,54,62,135 hours,32,135,40.8517983,14.26812,2250000.0,25.0
92,Bordeaux,https://www.tomtom.com/en_gb/traffic-index/bordeaux-traffic#statistics,93,France,32%0%,68,69,156 hours,32,156,44.837789,-0.57918,803000.0,26.0
93,Berlin,https://www.tomtom.com/en_gb/traffic-index/berlin-traffic#statistics,94,Germany,32%1%,49,59,124 hours,32,124,52.52000659999999,13.404954,3406000.0,27.0
94,Nizhny Novgorod,https://www.tomtom.com/en_gb/traffic-index/nizhny-novgorod-traffic#statistics,95,Russia,32%0%,63,72,156 hours,32,156,56.2965039,43.93605900000001,1278000.0,0.0
95,Singapore,https://www.tomtom.com/en_gb/traffic-index/singapore-traffic#statistics,96,Singapore,32%1%,57,61,135 hours,32,135,1.352083,103.819836,5183700.0,0.0
96,Antwerp,https://www.tomtom.com/en_gb/traffic-index/antwerp-traffic#statistics,97,Belgium,32%1%,56,62,135 hours,32,135,51.2194475,4.4024643,920000.0,28.0
97,Leicester,https://www.tomtom.com/en_gb/traffic-index/leicester-traffic#statistics,98,United Kingdom,32%2%,62,68,149 hours,32,149,52.6368778,-1.1397592,457983.0,0.0
98,Grenoble,https://www.tomtom.com/en_gb/traffic-index/grenoble-traffic#statistics,99,France,32%3%,63,70,151 hours,32,151,45.188529,5.724524,388574.0,29.0
99,Ankara,https://www.tomtom.com/en_gb/traffic-index/ankara-traffic#statistics,100,Turkey,32%1%,55,66,140 hours,32,140,39.9333635,32.8597419,3716000.0,0.0
100,Cape Town,https://www.tomtom.com/en_gb/traffic-index/cape-town-traffic#statistics,101,South Africa,32%1%,69,65,154 hours,32,154,-33.9248685,18.4240553,3215000.0,0.0
101,Wiesbaden,https://www.tomtom.com/en_gb/traffic-index/wiesbaden-traffic#statistics,102,Germany,32%8%,50,61,128 hours,32,128,50.0782184,8.239760799999999,617126.0,30.0
102,Zurich,https://www.tomtom.com/en_gb/traffic-index/zurich-traffic#statistics,103,Switzerland,32%1%,52,67,138 hours,32,138,47.3768866,8.541694,1108000.0,0.0
103,Messina,https://www.tomtom.com/en_gb/traffic-index/messina-traffic#statistics,104,Italy,31%1%,51,48,115 hours,31,115,38.1937335,15.5542057,252026.0,31.0
104,Auckland,https://www.tomtom.com/en_gb/traffic-index/auckland-traffic#statistics,105,New Zealand,31%2%,65,75,163 hours,31,163,-36.8484597,174.7633315,1377200.0,0.0
105,Tomsk,https://www.tomtom.com/en_gb/traffic-index/tomsk-traffic#statistics,106,Russia,31%,57,67,144 hours,31,144,56.5010397,84.9924506,535479.0,0.0
106,Milan,https://www.tomtom.com/en_gb/traffic-index/milan-traffic#statistics,107,Italy,31%1%,69,60,149 hours,31,149,45.4642035,9.189982,2945000.0,32.0
107,Hong Kong,https://www.tomtom.com/en_gb/traffic-index/hong-kong-traffic#statistics,108,Hong Kong,31%1%,56,58,131 hours,31,131,22.3193039,114.1693611,7206000.0,0.0
108,Porto,https://www.tomtom.com/en_gb/traffic-index/porto-traffic#statistics,109,Portugal,31%3%,61,71,154 hours,31,154,41.1579438,-8.629105299999999,1337000.0,33.0
109,Seattle,https://www.tomtom.com/en_gb/traffic-index/seattle-traffic#statistics,110,United States of America,31%0%,54,66,138 hours,31,138,47.6062095,-122.3320708,3643765.0,0.0
110,Tallinn,https://www.tomtom.com/en_gb/traffic-index/tallinn-traffic#statistics,111,Estonia,31%1%,53,60,131 hours,31,131,59.43696079999999,24.7535747,394024.0,34.0
111,Xiamen,https://www.tomtom.com/en_gb/traffic-index/xiamen-traffic#statistics,112,China,31%0%,50,72,142 hours,31,142,24.479833,118.089425,2519000.0,0.0
112,Miami,https://www.tomtom.com/en_gb/traffic-index/miami-traffic#statistics,113,United States of America,31%1%,52,64,133 hours,31,133,25.7616798,-80.1917902,6381966.0,0.0
113,Tainan,https://www.tomtom.com/en_gb/traffic-index/tainan-traffic#statistics,114,Taiwan,31%1%,37,50,105 hours,31,105,22.9997281,120.2270277,1876312.0,0.0
114,Shanghai,https://www.tomtom.com/en_gb/traffic-index/shanghai-traffic#statistics,115,China,31%2%,60,57,133 hours,31,133,31.230416,121.473701,14987000.0,0.0
115,Nice,https://www.tomtom.com/en_gb/traffic-index/nice-traffic#statistics,116,France,31%0%,53,67,138 hours,31,138,43.7101728,7.261953200000001,927000.0,35.0
116,Lugano,https://www.tomtom.com/en_gb/traffic-index/lugano-traffic#statistics,117,Switzerland,31%3%,54,66,138 hours,31,138,46.0036778,8.951051999999999,105388.0,0.0
117,Limerick,https://www.tomtom.com/en_gb/traffic-index/limerick-traffic#statistics,118,Ireland,31%2%,54,53,124 hours,31,124,52.6638367,-8.6267343,90054.0,36.0
118,Brno,https://www.tomtom.com/en_gb/traffic-index/brno-traffic#statistics,119,Czechia,30%3%,52,56,124 hours,30,124,49.1950602,16.6068371,388277.0,37.0
119,Lyon,https://www.tomtom.com/en_gb/traffic-index/lyon-traffic#statistics,120,France,30%1%,62,63,142 hours,30,142,45.764043,4.835659,1423000.0,38.0
120,Johannesburg,https://www.tomtom.com/en_gb/traffic-index/johannesburg-traffic#statistics,121,South Africa,30%0%,67,67,154 hours,30,154,-26.2041028,28.0473051,3435000.0,0.0
121,Szczecin,https://www.tomtom.com/en_gb/traffic-index/szczecin-traffic#statistics,122,Poland,30%3%,43,62,124 hours,30,124,53.4285438,14.5528116,407811.0,39.0
122,Melbourne,https://www.tomtom.com/en_gb/traffic-index/melbourne-traffic#statistics,123,Australia,30%1%,55,57,128 hours,30,128,-37.8136276,144.9630576,4170000.0,0.0
123,Munich,https://www.tomtom.com/en_gb/traffic-index/munich-traffic#statistics,124,Germany,30%0%,54,60,131 hours,30,131,48.1351253,11.5819805,1275000.0,40.0
124,Cardiff,https://www.tomtom.com/en_gb/traffic-index/cardiff-traffic#statistics,125,United Kingdom,30%2%,59,62,138 hours,30,138,51.48158100000001,-3.17909,861400.0,0.0
125,Nanjing,https://www.tomtom.com/en_gb/traffic-index/nanjing-traffic#statistics,126,China,30%0%,58,53,128 hours,30,128,32.060255,118.796877,3679000.0,0.0
126,Taoyuan,https://www.tomtom.com/en_gb/traffic-index/taoyuan-traffic#statistics,127,Taiwan,30%2%,49,57,124 hours,30,124,24.9936281,121.3009798,1632616.0,0.0
127,Genoa,https://www.tomtom.com/en_gb/traffic-index/genoa-traffic#statistics,128,Italy,30%1%,53,54,121 hours,30,121,44.4056499,8.946256,647497.0,41.0
128,Nuremberg,https://www.tomtom.com/en_gb/traffic-index/nuremberg-traffic#statistics,129,Germany,30%0%,47,56,119 hours,30,119,49.4521018,11.0766654,737304.0,42.0
129,Thessaloniki,https://www.tomtom.com/en_gb/traffic-index/thessaloniki-traffic#statistics,130,Greece,30%2%,43,42,98 hours,30,98,40.6400629,22.9444191,828000.0,43.0
130,Leiden,https://www.tomtom.com/en_gb/traffic-index/leiden-traffic#statistics,131,Netherlands,30%3%,62,56,135 hours,30,135,52.1601144,4.4970097,129438.0,44.0
131,Stuttgart,https://www.tomtom.com/en_gb/traffic-index/stuttgart-traffic#statistics,132,Germany,30%0%,48,58,124 hours,30,124,48.7758459,9.1829321,2944700.0,45.0
132,Sapporo,https://www.tomtom.com/en_gb/traffic-index/sapporo-traffic#statistics,133,Japan,30%0%,44,44,101 hours,30,101,43.0617713,141.3544507,2544000.0,0.0
133,Izmir,https://www.tomtom.com/en_gb/traffic-index/izmir-traffic#statistics,134,Turkey,29%1%,49,70,140 hours,29,140,38.423734,27.142826,2587000.0,0.0
134,Bonn,https://www.tomtom.com/en_gb/traffic-index/bonn-traffic#statistics,135,Germany,29%2%,52,61,131 hours,29,131,50.73743,7.0982068,680543.0,46.0
135,Prague,https://www.tomtom.com/en_gb/traffic-index/prague-traffic#statistics,136,Czechia,29%2%,58,54,128 hours,29,128,50.0755381,14.4378005,1162000.0,47.0
136,Catania,https://www.tomtom.com/en_gb/traffic-index/catania-traffic#statistics,137,Italy,29%1%,49,53,117 hours,29,117,37.5078772,15.0830304,674542.0,48.0
137,Montreal,https://www.tomtom.com/en_gb/traffic-index/montreal-traffic#statistics,138,Canada,29%2%,51,61,131 hours,29,131,45.5016889,-73.567256,3678000.0,0.0
138,Ottawa,https://www.tomtom.com/en_gb/traffic-index/ottawa-traffic#statistics,139,Canada,29%2%,54,67,140 hours,29,140,45.4215296,-75.69719309999999,1145000.0,0.0
139,Barcelona,https://www.tomtom.com/en_gb/traffic-index/barcelona-traffic#statistics,140,Spain,29%0%,56,56,128 hours,29,128,41.3850639,2.1734035,4920000.0,49.0
140,Washington,https://www.tomtom.com/en_gb/traffic-index/washington-traffic#statistics,141,United States of America,29%1%,47,61,126 hours,29,126,47.7510741,-120.7401385,5289420.0,0.0
141,Toulon,https://www.tomtom.com/en_gb/traffic-index/toulon-traffic#statistics,142,France,29%1%,53,65,135 hours,29,135,43.124228,5.928,357693.0,50.0
142,Kazan,https://www.tomtom.com/en_gb/traffic-index/kazan-traffic#statistics,143,Russia,29%,53,62,133 hours,29,133,55.8304307,49.06608060000001,1115000.0,0.0
143,Antalya,https://www.tomtom.com/en_gb/traffic-index/antalya-traffic#statistics,144,Turkey,29%2%,40,54,112 hours,29,112,36.8968908,30.7133233,783000.0,0.0
144,Liverpool,https://www.tomtom.com/en_gb/traffic-index/liverpool-traffic#statistics,145,United Kingdom,28%1%,49,52,115 hours,28,115,53.4083714,-2.9915726,811000.0,0.0
145,Toulouse,https://www.tomtom.com/en_gb/traffic-index/toulouse-traffic#statistics,146,France,28%0%,71,65,158 hours,28,158,43.604652,1.444209,847000.0,51.0
146,Wellington,https://www.tomtom.com/en_gb/traffic-index/wellington-traffic#statistics,147,New Zealand,28%1%,64,60,142 hours,28,142,-41.2864603,174.776236,393400.0,0.0
147,Chicago,https://www.tomtom.com/en_gb/traffic-index/chicago-traffic#statistics,148,United States of America,28%0%,41,58,115 hours,28,115,41.8781136,-87.6297982,8675982.0,0.0
148,Curitiba,https://www.tomtom.com/en_gb/traffic-index/curitiba-traffic#statistics,149,Brazil,28%1%,42,71,138 hours,28,138,-25.4808762,-49.3044253,3084000.0,0.0
149,Kassel,https://www.tomtom.com/en_gb/traffic-index/kassel-traffic#statistics,150,Germany,28%,41,57,115 hours,28,115,51.3127114,9.4797461,289924.0,52.0
150,The Hague,https://www.tomtom.com/en_gb/traffic-index/the-hague-traffic#statistics,151,Netherlands,28%0%,47,61,124 hours,28,124,52.0704978,4.3006999,1406000.0,53.0
151,Bari,https://www.tomtom.com/en_gb/traffic-index/bari-traffic#statistics,152,Italy,28%1%,45,48,105 hours,28,105,41.1171432,16.8718715,500577.0,54.0
153,Hangzhou,https://www.tomtom.com/en_gb/traffic-index/hangzhou-traffic#statistics,154,China,28%1%,43,43,98 hours,28,98,30.274084,120.15507,3007000.0,0.0
154,Vienna,https://www.tomtom.com/en_gb/traffic-index/vienna-traffic#statistics,155,Austria,28%1%,44,54,112 hours,28,112,48.2081743,16.3738189,2400000.0,55.0
155,Honolulu,https://www.tomtom.com/en_gb/traffic-index/honolulu-traffic#statistics,156,United States of America,28%0%,55,63,135 hours,28,135,21.3069444,-157.8583333,833671.0,0.0
156,Fuzhou,https://www.tomtom.com/en_gb/traffic-index/fuzhou-traffic#statistics,157,China,28%4%,42,54,110 hours,28,110,26.074478,119.296482,2606000.0,0.0
157,Stoke-on-Trent,https://www.tomtom.com/en_gb/traffic-index/stoke-on-trent-traffic#statistics,158,United Kingdom,28%4%,52,56,124 hours,28,124,53.002668,-2.179404,390801.0,0.0
158,Shenyang,https://www.tomtom.com/en_gb/traffic-index/shenyang-traffic#statistics,159,China,28%7%,46,51,112 hours,28,112,41.805699,123.431472,4787000.0,0.0
159,Strasbourg,https://www.tomtom.com/en_gb/traffic-index/strasbourg-traffic#statistics,160,France,28%2%,47,68,133 hours,28,133,48.5734053,7.752111299999999,439972.0,56.0
160,Sheffield,https://www.tomtom.com/en_gb/traffic-index/sheffield-traffic#statistics,161,United Kingdom,28%1%,54,55,126 hours,28,126,53.38112899999999,-1.470085,1292900.0,0.0
161,Austin,https://www.tomtom.com/en_gb/traffic-index/austin-traffic#statistics,162,United States of America,27%2%,45,68,133 hours,27,133,30.267153,-97.7430608,1638716.0,0.0
162,Haarlem,https://www.tomtom.com/en_gb/traffic-index/haarlem-traffic#statistics,163,Netherlands,27%1%,49,42,103 hours,27,103,52.3873878,4.6462194,349957.0,57.0
163,Wuhan,https://www.tomtom.com/en_gb/traffic-index/wuhan-traffic#statistics,164,China,27%5%,46,49,110 hours,27,110,30.592849,114.305539,7243000.0,0.0
164,Nantes,https://www.tomtom.com/en_gb/traffic-index/nantes-traffic#statistics,165,France,27%1%,61,61,140 hours,27,140,47.218371,-1.553621,438537.0,58.0
165,Nottingham,https://www.tomtom.com/en_gb/traffic-index/nottingham-traffic#statistics,166,United Kingdom,27%1%,54,61,131 hours,27,131,52.95478319999999,-1.1581086,825600.0,0.0
166,Reggio Calabria,https://www.tomtom.com/en_gb/traffic-index/reggio-calabria-traffic#statistics,167,Italy,27%0%,35,45,94 hours,27,94,38.1113006,15.6472914,180353.0,59.0
167,Bremen,https://www.tomtom.com/en_gb/traffic-index/bremen-traffic#statistics,168,Germany,27%3%,36,55,108 hours,27,108,53.07929619999999,8.8016936,724909.0,60.0
168,Stockholm,https://www.tomtom.com/en_gb/traffic-index/stockholm-traffic#statistics,169,Sweden,27%1%,53,62,133 hours,27,133,59.32932349999999,18.0685808,1264000.0,61.0
169,Riga,https://www.tomtom.com/en_gb/traffic-index/riga-traffic#statistics,170,Latvia,27%3%,51,59,126 hours,27,126,56.9496487,24.1051865,742572.0,62.0
170,Lausanne,https://www.tomtom.com/en_gb/traffic-index/lausanne-traffic#statistics,171,Switzerland,27%1%,44,64,124 hours,27,124,46.5196535,6.6322734,265702.0,0.0
171,Lublin,https://www.tomtom.com/en_gb/traffic-index/lublin-traffic#statistics,172,Poland,27%2%,40,48,101 hours,27,101,51.2464536,22.5684463,360044.0,63.0
172,Salzburg,https://www.tomtom.com/en_gb/traffic-index/salzburg-traffic#statistics,173,Austria,27%1%,38,48,101 hours,27,101,47.80949,13.05501,206279.0,64.0
173,Frankfurt am Main,https://www.tomtom.com/en_gb/traffic-index/frankfurt-am-main-traffic#statistics,174,Germany,27%1%,54,51,121 hours,27,121,50.1109221,8.6821267,2895000.0,65.0
174,Nijmegen,https://www.tomtom.com/en_gb/traffic-index/nijmegen-traffic#statistics,175,Netherlands,27%5%,41,56,112 hours,27,112,51.8448837,5.842828099999999,187015.0,66.0
175,Turin,https://www.tomtom.com/en_gb/traffic-index/turin-traffic#statistics,176,Italy,27%3%,55,53,124 hours,27,124,45.0703393,7.686864,1652000.0,67.0
176,Leeds-Bradford,https://www.tomtom.com/en_gb/traffic-index/leeds-bradford-traffic#statistics,177,United Kingdom,27%0%,51,61,128 hours,27,128,53.86794339999999,-1.6615306,2030700.0,0.0
177,Kobe,https://www.tomtom.com/en_gb/traffic-index/kobe-traffic#statistics,178,Japan,26%1%,34,41,87 hours,26,87,34.6900806,135.1956311,1528478.0,0.0
178,Swansea,https://www.tomtom.com/en_gb/traffic-index/swansea-traffic#statistics,179,United Kingdom,26%0%,45,53,112 hours,26,112,51.62144,-3.943645999999999,294339.0,0.0
179,Baton Rouge,https://www.tomtom.com/en_gb/traffic-index/baton-rouge-traffic#statistics,180,United States of America,26%0%,35,67,119 hours,26,119,30.4514677,-91.18714659999999,583613.0,0.0
180,Adana,https://www.tomtom.com/en_gb/traffic-index/adana-traffic#statistics,181,Turkey,26%0%,36,43,92 hours,26,92,36.9914194,35.3308285,1293000.0,0.0
181,San Diego,https://www.tomtom.com/en_gb/traffic-index/san-diego-traffic#statistics,182,United States of America,26%1%,46,60,124 hours,26,124,32.715738,-117.1610838,3210314.0,0.0
182,Basel,https://www.tomtom.com/en_gb/traffic-index/basel-traffic#statistics,183,Switzerland,26%0%,40,68,128 hours,26,128,47.5595986,7.5885761,830000.0,0.0
183,Boston,https://www.tomtom.com/en_gb/traffic-index/boston-traffic#statistics,184,United States of America,26%1%,45,54,115 hours,26,115,42.3600825,-71.0588801,4637537.0,0.0
184,Montpellier,https://www.tomtom.com/en_gb/traffic-index/montpellier-traffic#statistics,185,France,26%1%,54,55,124 hours,26,124,43.610769,3.876716,327254.0,68.0
185,Shijiazhuang,https://www.tomtom.com/en_gb/traffic-index/shijiazhuang-traffic#statistics,186,China,26%6%,38,46,96 hours,26,96,38.042805,114.514893,2417000.0,0.0
186,Kosice,https://www.tomtom.com/en_gb/traffic-index/kosice-traffic#statistics,187,Slovakia,26%2%,55,42,110 hours,26,110,48.7163857,21.2610746,236563.0,69.0
187,Portsmouth,https://www.tomtom.com/en_gb/traffic-index/portsmouth-traffic#statistics,188,United Kingdom,26%2%,43,51,108 hours,26,108,50.8197675,-1.0879769,442252.0,0.0
188,Portland,https://www.tomtom.com/en_gb/traffic-index/portland-traffic#statistics,189,United States of America,26%2%,37,58,112 hours,26,112,45.5051064,-122.6750261,2052796.0,0.0
189,Amsterdam,https://www.tomtom.com/en_gb/traffic-index/amsterdam-traffic#statistics,190,Netherlands,26%2%,42,56,112 hours,26,112,52.3666969,4.8945398,1031000.0,70.0
190,Bialystok,https://www.tomtom.com/en_gb/traffic-index/bialystok-traffic#statistics,191,Poland,26%1%,42,48,105 hours,26,105,53.13248859999999,23.1688403,291855.0,71.0
191,Nashville,https://www.tomtom.com/en_gb/traffic-index/nashville-traffic#statistics,192,United States of America,26%4%,47,64,128 hours,26,128,36.1626638,-86.7816016,1076645.0,0.0
192,Riverside,https://www.tomtom.com/en_gb/traffic-index/riverside-traffic#statistics,193,United States of America,26%3%,41,54,110 hours,26,110,33.9806005,-117.3754942,2084749.0,0.0
193,Clermont-Ferrand,https://www.tomtom.com/en_gb/traffic-index/clermont-ferrand-traffic#statistics,194,France,26%3%,44,55,115 hours,26,115,45.77722199999999,3.087025,233050.0,72.0
194,Cologne,https://www.tomtom.com/en_gb/traffic-index/cologne-traffic#statistics,195,Germany,26%1%,44,52,110 hours,26,110,50.937531,6.9602786,1004000.0,73.0
195,Atlanta,https://www.tomtom.com/en_gb/traffic-index/atlanta-traffic#statistics,196,United States of America,26%0%,45,61,124 hours,26,124,33.7489954,-84.3879824,5228750.0,0.0
196,Kiel,https://www.tomtom.com/en_gb/traffic-index/kiel-traffic#statistics,197,Germany,26%5%,41,44,98 hours,26,98,54.3232927,10.1227651,269427.0,74.0
197,Graz,https://www.tomtom.com/en_gb/traffic-index/graz-traffic#statistics,198,Austria,26%0%,44,44,101 hours,26,101,47.070714,15.439504,263234.0,75.0
198,Arnhem,https://www.tomtom.com/en_gb/traffic-index/arnhem-traffic#statistics,199,Netherlands,26%2%,41,63,119 hours,26,119,51.9851034,5.898729599999999,141674.0,76.0
199,Ljubljana,https://www.tomtom.com/en_gb/traffic-index/ljubljana-traffic#statistics,200,Slovenia,26%3%,49,59,124 hours,26,124,46.0569465,14.5057515,314807.0,77.0
200,Newcastle-Sunderland,https://www.tomtom.com/en_gb/traffic-index/newcastle-sunderland-traffic#statistics,201,United Kingdom,25%0%,50,50,115 hours,25,115,54.906869,-1.383801,1334934.0,0.0
201,Granada,https://www.tomtom.com/en_gb/traffic-index/granada-traffic#statistics,202,Spain,25%1%,47,36,94 hours,25,94,37.1773363,-3.5985571,388290.0,78.0
202,Lille,https://www.tomtom.com/en_gb/traffic-index/lille-traffic#statistics,203,France,25%1%,58,54,128 hours,25,128,50.62925,3.057256,1044000.0,79.0
203,Glasgow,https://www.tomtom.com/en_gb/traffic-index/glasgow-traffic#statistics,204,United Kingdom,25%1%,50,54,119 hours,25,119,55.864237,-4.251806,1160000.0,0.0
204,Bologna,https://www.tomtom.com/en_gb/traffic-index/bologna-traffic#statistics,205,Italy,25%0%,53,52,121 hours,25,121,44.494887,11.3426162,488172.0,80.0
205,Sacramento,https://www.tomtom.com/en_gb/traffic-index/sacramento-traffic#statistics,206,United States of America,25%2%,42,56,115 hours,25,115,38.5815719,-121.4943996,1854698.0,0.0
206,Pretoria,https://www.tomtom.com/en_gb/traffic-index/pretoria-traffic#statistics,207,South Africa,25%0%,60,55,131 hours,25,131,-25.7478676,28.2292712,1338000.0,0.0
207,Bursa,https://www.tomtom.com/en_gb/traffic-index/bursa-traffic#statistics,208,Turkey,25%1%,32,55,105 hours,25,105,40.1885281,29.0609636,1492000.0,0.0
208,Hamilton,https://www.tomtom.com/en_gb/traffic-index/hamilton-nz-traffic#statistics,209,New Zealand,25%3%,49,56,121 hours,25,121,-37.7870012,175.279253,148200.0,0.0
209,Florence,https://www.tomtom.com/en_gb/traffic-index/florence-traffic#statistics,210,Italy,25%0%,49,49,112 hours,25,112,43.7695604,11.2558136,1500000.0,81.0
210,Dresden,https://www.tomtom.com/en_gb/traffic-index/dresden-traffic#statistics,211,Germany,25%1%,41,46,101 hours,25,101,51.0504088,13.7372621,617515.0,82.0
211,Brisbane,https://www.tomtom.com/en_gb/traffic-index/brisbane-traffic#statistics,212,Australia,25%0%,46,48,108 hours,25,108,-27.4697707,153.0251235,1860000.0,0.0
212,Halifax,https://www.tomtom.com/en_gb/traffic-index/halifax-traffic#statistics,213,Canada,25%3%,44,57,117 hours,25,117,44.64876350000001,-63.5752387,359111.0,0.0
213,Coventry,https://www.tomtom.com/en_gb/traffic-index/coventry-traffic#statistics,214,United Kingdom,25%4%,50,52,117 hours,25,117,52.406822,-1.519693,388271.0,0.0
214,Rotterdam,https://www.tomtom.com/en_gb/traffic-index/rotterdam-traffic#statistics,215,Netherlands,25%2%,37,62,115 hours,25,115,51.9244201,4.4777326,1005000.0,83.0
215,Kuwait City,https://www.tomtom.com/en_gb/traffic-index/kuwait-city-traffic#statistics,216,Kuwait,25%1%,37,34,82 hours,25,82,29.375859,47.9774052,2063000.0,0.0
216,Ningbo,https://www.tomtom.com/en_gb/traffic-index/ningbo-traffic#statistics,217,China,24%2%,43,51,108 hours,24,108,29.868336,121.54399,1923000.0,0.0
217,Liege,https://www.tomtom.com/en_gb/traffic-index/liege-traffic#statistics,218,Belgium,24%4%,46,53,115 hours,24,115,50.6325574,5.5796662,749110.0,84.0
218,Dusseldorf,https://www.tomtom.com/en_gb/traffic-index/dusseldorf-traffic#statistics,219,Germany,24%3%,49,45,108 hours,24,108,51.2277411,6.7734556,1220000.0,85.0
219,Palma de Mallorca,https://www.tomtom.com/en_gb/traffic-index/palma-de-mallorca-traffic#statistics,220,Spain,24%1%,47,44,105 hours,24,105,39.5696005,2.6501603,393256.0,86.0
220,Philadelphia,https://www.tomtom.com/en_gb/traffic-index/philadelphia-traffic#statistics,221,United States of America,24%0%,38,53,105 hours,24,105,39.9525839,-75.1652215,5637884.0,0.0
221,Rennes,https://www.tomtom.com/en_gb/traffic-index/rennes-traffic#statistics,222,France,24%2%,53,63,133 hours,24,133,48.117266,-1.6777926,209375.0,87.0
222,Riyadh,https://www.tomtom.com/en_gb/traffic-index/riyadh-traffic#statistics,223,Saudi Arabia,24%1%,38,43,94 hours,24,94,24.7135517,46.6752957,4465000.0,0.0
223,Houston,https://www.tomtom.com/en_gb/traffic-index/houston-traffic#statistics,224,United States of America,24%1%,43,60,119 hours,24,119,29.7604267,-95.3698028,5446468.0,0.0
224,Adelaide,https://www.tomtom.com/en_gb/traffic-index/adelaide-traffic#statistics,225,Australia,24%1%,46,43,103 hours,24,103,-34.9284989,138.6007456,1145000.0,0.0
225,Tampa,https://www.tomtom.com/en_gb/traffic-index/tampa-traffic#statistics,226,United States of America,24%1%,39,55,110 hours,24,110,27.950575,-82.4571776,2804240.0,0.0
226,Prato,https://www.tomtom.com/en_gb/traffic-index/prato-traffic#statistics,227,Italy,24%1%,54,45,112 hours,24,112,43.8777049,11.102228,202597.0,88.0
227,Leipzig,https://www.tomtom.com/en_gb/traffic-index/leipzig-traffic#statistics,228,Germany,24%2%,37,44,94 hours,24,94,51.3396955,12.3730747,542529.0,89.0
228,Groningen,https://www.tomtom.com/en_gb/traffic-index/groningen-traffic#statistics,229,Netherlands,24%2%,41,41,94 hours,24,94,53.2193835,6.5665017,216688.0,90.0
229,Gold Coast,https://www.tomtom.com/en_gb/traffic-index/gold-coast-traffic#statistics,230,Australia,24%1%,38,40,89 hours,24,89,-28.016667,153.4,527660.0,0.0
230,Brest,https://www.tomtom.com/en_gb/traffic-index/brest-traffic#statistics,231,France,23%1%,40,51,105 hours,23,105,48.390394,-4.486076,144899.0,91.0
231,Freiburg,https://www.tomtom.com/en_gb/traffic-index/freiburg-traffic#statistics,232,Germany,23%2%,35,45,94 hours,23,94,47.9990077,7.842104299999999,254889.0,92.0
232,Tianjin,https://www.tomtom.com/en_gb/traffic-index/tianjin-traffic#statistics,233,China,23%4%,42,43,98 hours,23,98,39.3433574,117.3616476,7180000.0,0.0
233,Cagliari,https://www.tomtom.com/en_gb/traffic-index/cagliari-traffic#statistics,234,Italy,23%1%,44,39,94 hours,23,94,39.2238411,9.1216613,291511.0,93.0
234,Ruhr region west,https://www.tomtom.com/en_gb/traffic-index/ruhr-region-west-traffic#statistics,235,Germany,23%0%,41,48,103 hours,23,103,51.5450884,7.198084299999999,4181300.0,94.0
235,Gaziantep,https://www.tomtom.com/en_gb/traffic-index/gaziantep-traffic#statistics,236,Turkey,23%0%,28,36,75 hours,23,75,37.065953,37.37811,1044000.0,0.0
236,Quanzhou,https://www.tomtom.com/en_gb/traffic-index/quanzhou-traffic#statistics,237,China,23%2%,27,44,85 hours,23,85,24.874132,118.675675,1463000.0,0.0
237,Denver,https://www.tomtom.com/en_gb/traffic-index/denver-traffic#statistics,238,United States of America,23%1%,38,51,103 hours,23,103,39.7392358,-104.990251,2787266.0,0.0
238,Innsbruck,https://www.tomtom.com/en_gb/traffic-index/innsbruck-traffic#statistics,239,Austria,23%3%,33,40,85 hours,23,85,47.2692124,11.4041024,155214.0,95.0
239,Pescara,https://www.tomtom.com/en_gb/traffic-index/pescara-traffic#statistics,241,Italy,23%2%,37,43,92 hours,23,92,42.4617902,14.2160898,314789.0,96.0
240,Hobart,https://www.tomtom.com/en_gb/traffic-index/hobart-traffic#statistics,242,Australia,23%2%,49,42,105 hours,23,105,-42.8821377,147.3271949,80870.0,0.0
241,Madrid,https://www.tomtom.com/en_gb/traffic-index/madrid-traffic#statistics,243,Spain,23%1%,55,46,117 hours,23,117,40.4167754,-3.7037902,5567000.0,97.0
242,Santa Cruz de Tenerife,https://www.tomtom.com/en_gb/traffic-index/santa-cruz-de-tenerife-traffic#statistics,244,Spain,23%1%,35,39,85 hours,23,85,28.4636296,-16.2518467,336061.0,98.0
245,Winnipeg,https://www.tomtom.com/en_gb/traffic-index/winnipeg-traffic#statistics,247,Canada,22%0%,33,47,94 hours,22,94,49.895136,-97.13837439999999,632063.0,0.0
246,Dongguan,https://www.tomtom.com/en_gb/traffic-index/dongguan-traffic#statistics,248,China,22%2%,30,46,89 hours,22,89,23.020673,113.751799,4528000.0,0.0
247,East London,https://www.tomtom.com/en_gb/traffic-index/east-london-traffic#statistics,249,South Africa,22%2%,47,44,105 hours,22,105,-33.0291582,27.8545867,338627.0,0.0
248,Oslo,https://www.tomtom.com/en_gb/traffic-index/oslo-traffic#statistics,250,Norway,22%1%,51,58,126 hours,22,126,59.9138688,10.7522454,835000.0,0.0
249,Karlsruhe,https://www.tomtom.com/en_gb/traffic-index/karlsruhe-traffic#statistics,251,Germany,22%1%,31,46,89 hours,22,89,49.0068901,8.4036527,377487.0,99.0
250,Augsburg,https://www.tomtom.com/en_gb/traffic-index/augsburg-traffic#statistics,252,Germany,22%2%,37,44,94 hours,22,94,48.3705449,10.89779,358989.0,100.0
251,Rouen,https://www.tomtom.com/en_gb/traffic-index/rouen-traffic#statistics,253,France,22%0%,43,48,105 hours,22,105,49.44323199999999,1.099971,532559.0,101.0
252,Orlando,https://www.tomtom.com/en_gb/traffic-index/orlando-traffic#statistics,254,United States of America,22%0%,32,53,98 hours,22,98,28.5383355,-81.3792365,1776841.0,0.0
253,Utrecht,https://www.tomtom.com/en_gb/traffic-index/utrecht-traffic#statistics,255,Netherlands,22%1%,37,57,108 hours,22,108,52.09073739999999,5.1214201,640000.0,102.0
254,Eindhoven,https://www.tomtom.com/en_gb/traffic-index/eindhoven-traffic#statistics,256,Netherlands,22%1%,40,47,101 hours,22,101,51.44164199999999,5.4697225,398053.0,103.0
255,Monchengladbach,https://www.tomtom.com/en_gb/traffic-index/monchengladbach-traffic#statistics,257,Germany,22%2%,38,36,85 hours,22,85,51.1804572,6.4428041,256279.0,104.0
256,Linz,https://www.tomtom.com/en_gb/traffic-index/linz-traffic#statistics,258,Austria,22%3%,44,43,98 hours,22,98,48.30694,14.28583,349161.0,105.0
257,Copenhagen,https://www.tomtom.com/en_gb/traffic-index/copenhagen-traffic#statistics,259,Denmark,22%1%,48,45,105 hours,22,105,55.6760968,12.5683372,1085000.0,106.0
258,Charleston,https://www.tomtom.com/en_gb/traffic-index/charleston-traffic#statistics,260,United States of America,22%0%,36,53,103 hours,22,103,32.7764749,-79.93105120000001,616085.0,0.0
259,Aarhus,https://www.tomtom.com/en_gb/traffic-index/aarhus-traffic#statistics,261,Denmark,22%1%,46,43,101 hours,22,101,56.162939,10.203921,237551.0,107.0
260,New Orleans,https://www.tomtom.com/en_gb/traffic-index/new-orleans-traffic#statistics,262,United States of America,22%1%,32,48,92 hours,22,92,29.95106579999999,-90.0715323,1029123.0,0.0
261,Quebec,https://www.tomtom.com/en_gb/traffic-index/quebec-traffic#statistics,263,Canada,22%1%,45,57,119 hours,22,119,52.9399159,-73.5491361,624177.0,0.0
262,Boise,https://www.tomtom.com/en_gb/traffic-index/boise-traffic#statistics,264,United States of America,21%0%,28,45,87 hours,21,87,43.6150186,-116.2023137,385218.0,0.0
263,Dubai,https://www.tomtom.com/en_gb/traffic-index/dubai-traffic#statistics,265,United Arab Emirates,21%2%,31,43,87 hours,21,87,25.2048493,55.2707828,1379000.0,0.0
264,Uppsala,https://www.tomtom.com/en_gb/traffic-index/uppsala-traffic#statistics,266,Sweden,21%1%,35,43,92 hours,21,92,59.85856380000001,17.6389267,133117.0,108.0
265,Bielsko-Biala,https://www.tomtom.com/en_gb/traffic-index/bielsko-biala-traffic#statistics,267,Poland,21%1%,33,37,80 hours,21,80,49.8223768,19.0583845,170011.0,109.0
266,Fresno,https://www.tomtom.com/en_gb/traffic-index/fresno-traffic#statistics,268,United States of America,21%1%,29,38,80 hours,21,80,36.7377981,-119.7871247,698021.0,0.0
267,Christchurch,https://www.tomtom.com/en_gb/traffic-index/christchurch-traffic#statistics,269,New Zealand,21%0%,39,42,94 hours,21,94,-43.5320544,172.6362254,363200.0,0.0
268,Brasilia,https://www.tomtom.com/en_gb/traffic-index/brasilia-traffic#statistics,270,Brazil,21%0%,35,54,105 hours,21,105,-15.826691,-47.92182039999999,3716996.0,0.0
269,Mannheim,https://www.tomtom.com/en_gb/traffic-index/mannheim-traffic#statistics,271,Germany,21%2%,33,40,85 hours,21,85,49.4874592,8.466039499999999,2362000.0,110.0
270,Cape Coral-Fort Myers,https://www.tomtom.com/en_gb/traffic-index/cape-coral-fort-myers-traffic#statistics,272,United States of America,21%0%,31,39,80 hours,21,80,26.640628,-81.8723084,710077.0,0.0
271,Munster,https://www.tomtom.com/en_gb/traffic-index/munster-traffic#statistics,273,Germany,21%1%,37,40,89 hours,21,89,51.9606649,7.6261347,270184.0,111.0
272,Hannover,https://www.tomtom.com/en_gb/traffic-index/hannover-traffic#statistics,274,Germany,21%1%,35,41,89 hours,21,89,52.3758916,9.732010400000002,722490.0,112.0
273,Breda,https://www.tomtom.com/en_gb/traffic-index/breda-traffic#statistics,275,Netherlands,21%1%,35,46,92 hours,21,92,51.5719149,4.768323,192571.0,113.0
274,Le Havre,https://www.tomtom.com/en_gb/traffic-index/le-havre-traffic#statistics,276,France,21%0%,33,43,87 hours,21,87,49.49437,0.107929,242124.0,114.0
275,Ruhr region east,https://www.tomtom.com/en_gb/traffic-index/ruhr-region-east-traffic#statistics,277,Germany,21%1%,38,41,89 hours,21,89,51.5450884,7.198084299999999,3107122.0,115.0
276,Seville,https://www.tomtom.com/en_gb/traffic-index/seville-traffic#statistics,278,Spain,21%1%,40,34,85 hours,21,85,37.3890924,-5.9844589,1212045.0,116.0
277,Pittsburgh,https://www.tomtom.com/en_gb/traffic-index/pittsburgh-traffic#statistics,279,United States of America,21%0%,32,43,87 hours,21,87,40.44062479999999,-79.9958864,1715297.0,0.0
278,Las Vegas,https://www.tomtom.com/en_gb/traffic-index/las-vegas-traffic#statistics,280,United States of America,21%0%,25,40,78 hours,21,78,36.1699412,-115.1398296,2073045.0,0.0
279,Murcia,https://www.tomtom.com/en_gb/traffic-index/murcia-traffic#statistics,281,Spain,21%3%,40,31,80 hours,21,80,37.9922399,-1.1306544,406807.0,117.0
280,Trieste,https://www.tomtom.com/en_gb/traffic-index/trieste-traffic#statistics,282,Italy,21%1%,29,30,69 hours,21,69,45.6495264,13.7768182,216035.0,118.0
281,Bakersfield,https://www.tomtom.com/en_gb/traffic-index/bakersfield-traffic#statistics,283,United States of America,21%3%,27,39,78 hours,21,78,35.3732921,-119.0187125,574362.0,0.0
282,Nancy,https://www.tomtom.com/en_gb/traffic-index/nancy-traffic#statistics,284,France,21%1%,36,48,98 hours,21,98,48.692054,6.184417,268976.0,119.0
283,Verona,https://www.tomtom.com/en_gb/traffic-index/verona-traffic#statistics,285,Italy,20%0%,38,40,89 hours,20,89,45.43838419999999,10.9916215,347459.0,120.0
284,Saint-Etienne,https://www.tomtom.com/en_gb/traffic-index/saint-etienne-traffic#statistics,286,France,20%1%,39,50,103 hours,20,103,45.439695,4.3871779,265684.0,121.0
285,Bern,https://www.tomtom.com/en_gb/traffic-index/bern-traffic#statistics,287,Switzerland,20%0%,34,55,105 hours,20,105,46.9479739,7.4474468,275329.0,0.0
286,Perth,https://www.tomtom.com/en_gb/traffic-index/perth-traffic#statistics,288,Australia,20%0%,39,36,85 hours,20,85,-31.9505269,115.8604572,1532000.0,0.0
287,Leuven,https://www.tomtom.com/en_gb/traffic-index/leuven-traffic#statistics,289,Belgium,20%3%,41,48,101 hours,20,101,50.8798438,4.7005176,101378.0,122.0
288,Tauranga,https://www.tomtom.com/en_gb/traffic-index/tauranga-traffic#statistics,290,New Zealand,20%2%,42,39,92 hours,20,92,-37.68779749999999,176.1651295,121500.0,0.0
289,Tilburg,https://www.tomtom.com/en_gb/traffic-index/tilburg-traffic#statistics,291,Netherlands,20%0%,32,40,82 hours,20,82,51.560596,5.0919143,224433.0,123.0
290,Valencia,https://www.tomtom.com/en_gb/traffic-index/valencia-traffic#statistics,292,Spain,20%1%,35,36,82 hours,20,82,39.4699075,-0.3762881,808000.0,124.0
291,Baltimore,https://www.tomtom.com/en_gb/traffic-index/baltimore-traffic#statistics,293,United States of America,20%0%,34,49,96 hours,20,96,39.2903848,-76.6121893,2170504.0,0.0
292,Apeldoorn,https://www.tomtom.com/en_gb/traffic-index/apeldoorn-traffic#statistics,294,Netherlands,20%2%,29,45,85 hours,20,85,52.21115700000001,5.9699231,162703.0,125.0
293,Orleans,https://www.tomtom.com/en_gb/traffic-index/orleans-traffic#statistics,295,France,20%1%,34,40,85 hours,20,85,47.902964,1.909251,217301.0,126.0
294,Malaga,https://www.tomtom.com/en_gb/traffic-index/malaga-traffic#statistics,296,Spain,20%1%,33,30,71 hours,20,71,36.7167456,-4.4259962,550058.0,127.0
295,Taranto,https://www.tomtom.com/en_gb/traffic-index/taranto-traffic#statistics,297,Italy,20%1%,27,32,69 hours,20,69,40.46436060000001,17.2470303,202033.0,128.0
296,Dunedin,https://www.tomtom.com/en_gb/traffic-index/dunedin-traffic#statistics,298,New Zealand,20%1%,33,32,73 hours,20,73,-45.8787605,170.5027976,117700.0,0.0
297,Suzhou,https://www.tomtom.com/en_gb/traffic-index/suzhou-traffic#statistics,299,China,20%0%,36,41,89 hours,20,89,31.298974,120.585289,1964000.0,0.0
298,Livorno,https://www.tomtom.com/en_gb/traffic-index/livorno-traffic#statistics,300,Italy,20%0%,26,35,71 hours,20,71,43.548473,10.3105674,156274.0,129.0
299,Newcastle,https://www.tomtom.com/en_gb/traffic-index/newcastle-au-traffic#statistics,301,Australia,20%0%,39,35,85 hours,20,85,-32.9282712,151.7816802,1134616.0,0.0
300,Providence,https://www.tomtom.com/en_gb/traffic-index/providence-traffic#statistics,302,United States of America,20%1%,31,44,87 hours,20,87,41.8239891,-71.4128343,1206642.0,0.0
301,Amersfoort,https://www.tomtom.com/en_gb/traffic-index/amersfoort-traffic#statistics,303,Netherlands,20%0%,29,49,89 hours,20,89,52.1561113,5.387826599999999,163475.0,130.0
302,Ghent,https://www.tomtom.com/en_gb/traffic-index/ghent-traffic#statistics,304,Belgium,20%0%,35,42,89 hours,20,89,51.0543422,3.7174243,444336.0,131.0
303,Middlesbrough,https://www.tomtom.com/en_gb/traffic-index/middlesbrough-traffic#statistics,305,United Kingdom,20%1%,38,39,87 hours,20,87,54.574227,-1.234956,416042.0,0.0
304,Ostrava,https://www.tomtom.com/en_gb/traffic-index/ostrava-traffic#statistics,306,Czechia,20%3%,31,37,78 hours,20,78,49.8209226,18.2625243,478963.0,132.0
305,Charlotte,https://www.tomtom.com/en_gb/traffic-index/charlotte-traffic#statistics,307,United States of America,19%1%,33,54,101 hours,19,101,35.2270869,-80.8431267,1467362.0,0.0
306,Dallas-Fort Worth,https://www.tomtom.com/en_gb/traffic-index/dallas-fort-worth-traffic#statistics,308,United States of America,19%1%,34,48,96 hours,19,96,32.8998091,-97.0403352,6607427.0,0.0
307,Jeddah,https://www.tomtom.com/en_gb/traffic-index/jeddah-traffic#statistics,309,Saudi Arabia,19%1%,24,37,73 hours,19,73,21.485811,39.19250479999999,3012000.0,0.0
308,McAllen,https://www.tomtom.com/en_gb/traffic-index/mcallen-traffic#statistics,310,United States of America,19%2%,29,40,80 hours,19,80,26.2034071,-98.23001239999999,800904.0,0.0
309,Wuxi,https://www.tomtom.com/en_gb/traffic-index/wuxi-traffic#statistics,311,China,19%0%,25,39,75 hours,19,75,31.491169,120.31191,1749000.0,0.0
310,Namur,https://www.tomtom.com/en_gb/traffic-index/namur-traffic#statistics,313,Belgium,19%10%,38,38,87 hours,19,87,50.4673883,4.8719854,106284.0,133.0
311,Durban,https://www.tomtom.com/en_gb/traffic-index/durban-traffic#statistics,314,South Africa,19%1%,44,41,98 hours,19,98,-29.85868039999999,31.0218404,2729000.0,0.0
312,A Coruna,https://www.tomtom.com/en_gb/traffic-index/a-coruna-traffic#statistics,315,Spain,19%0%,31,28,66 hours,19,66,43.3623436,-8.4115401,370610.0,134.0
313,Tucson,https://www.tomtom.com/en_gb/traffic-index/tucson-traffic#statistics,316,United States of America,19%0%,27,35,71 hours,19,71,32.2226066,-110.9747108,868391.0,0.0
314,Turku,https://www.tomtom.com/en_gb/traffic-index/turku-traffic#statistics,317,Finland,19%1%,28,36,75 hours,19,75,60.4518126,22.2666302,175945.0,135.0
315,San Antonio,https://www.tomtom.com/en_gb/traffic-index/san-antonio-traffic#statistics,318,United States of America,19%2%,37,53,105 hours,19,105,29.4241219,-98.49362819999999,2002530.0,0.0
316,Helsinki,https://www.tomtom.com/en_gb/traffic-index/helsinki-traffic#statistics,319,Finland,19%1%,34,38,82 hours,19,82,60.16985569999999,24.9383791,1115000.0,136.0
317,Katowice urban area,https://www.tomtom.com/en_gb/traffic-index/katowice-urban-area-traffic#statistics,320,Poland,19%3%,32,38,80 hours,19,80,50.25644759999999,18.9067174,2746000.0,137.0
318,Salt Lake City,https://www.tomtom.com/en_gb/traffic-index/salt-lake-city-traffic#statistics,321,United States of America,19%2%,26,45,85 hours,19,85,40.7607793,-111.8910474,1098400.0,0.0
319,Gothenburg,https://www.tomtom.com/en_gb/traffic-index/gothenburg-traffic#statistics,322,Sweden,18%0%,32,45,89 hours,18,89,57.70887,11.97456,537797.0,138.0
320,Oxnard-Thousand Oaks-Ventura,https://www.tomtom.com/en_gb/traffic-index/oxnard-thousand-oaks-ventura-traffic#statistics,323,United States of America,18%0%,23,38,71 hours,18,71,34.1705609,-118.8375937,608521.0,0.0
321,Avignon,https://www.tomtom.com/en_gb/traffic-index/avignon-traffic#statistics,324,France,18%2%,34,41,87 hours,18,87,43.94931700000001,4.805528,86417.0,139.0
322,Reykjavik,https://www.tomtom.com/en_gb/traffic-index/reykjavik-traffic#statistics,325,Iceland,18%0%,39,46,98 hours,18,98,64.146582,-21.9426354,166212.0,0.0
323,Greenville,https://www.tomtom.com/en_gb/traffic-index/greenville-traffic#statistics,326,United States of America,18%0%,32,42,87 hours,18,87,34.85261759999999,-82.3940104,467894.0,0.0
324,Raleigh,https://www.tomtom.com/en_gb/traffic-index/raleigh-traffic#statistics,327,United States of America,18%1%,31,50,96 hours,18,96,35.7795897,-78.6381787,1018336.0,0.0
325,Phoenix,https://www.tomtom.com/en_gb/traffic-index/phoenix-traffic#statistics,328,United States of America,18%1%,35,39,85 hours,18,85,33.4483771,-112.0740373,4081849.0,0.0
326,Konya,https://www.tomtom.com/en_gb/traffic-index/konya-traffic#statistics,329,Turkey,18%1%,22,33,66 hours,18,66,37.8746429,32.4931554,919000.0,0.0
327,Odense,https://www.tomtom.com/en_gb/traffic-index/odense-traffic#statistics,330,Denmark,18%2%,34,35,80 hours,18,80,55.40375599999999,10.40237,158222.0,140.0
328,Las Palmas,https://www.tomtom.com/en_gb/traffic-index/las-palmas-traffic#statistics,331,Spain,18%0%,32,29,69 hours,18,69,28.1235459,-15.4362574,384315.0,141.0
329,Alicante,https://www.tomtom.com/en_gb/traffic-index/alicante-traffic#statistics,332,Spain,18%1%,37,26,71 hours,18,71,38.3459963,-0.4906855,315863.0,142.0
330,Bielefeld,https://www.tomtom.com/en_gb/traffic-index/bielefeld-traffic#statistics,333,Germany,18%1%,31,34,73 hours,18,73,52.0302285,8.532470800000002,331906.0,143.0
331,Braga,https://www.tomtom.com/en_gb/traffic-index/braga-traffic#statistics,334,Portugal,18%2%,32,45,89 hours,18,89,41.5454486,-8.426506999999999,826833.0,144.0
332,Birmingham,https://www.tomtom.com/en_gb/traffic-index/birmingham-alabama-traffic#statistics,335,United States of America,18%2%,30,45,87 hours,18,87,33.5185892,-86.8103567,744189.0,0.0
333,Zwolle,https://www.tomtom.com/en_gb/traffic-index/zwolle-traffic#statistics,336,Netherlands,18%1%,30,35,75 hours,18,75,52.5167747,6.083021899999999,111805.0,145.0
334,Le Mans,https://www.tomtom.com/en_gb/traffic-index/le-mans-traffic#statistics,337,France,18%1%,29,38,78 hours,18,78,48.00611000000001,0.199556,144515.0,146.0
335,Calgary,https://www.tomtom.com/en_gb/traffic-index/calgary-traffic#statistics,338,Canada,18%0%,29,37,78 hours,18,78,51.04473309999999,-114.0718831,1110000.0,0.0
336,Reggio Emilia,https://www.tomtom.com/en_gb/traffic-index/reggio-emilia-traffic#statistics,339,Italy,18%1%,33,40,85 hours,18,85,44.6989932,10.6296859,172326.0,147.0
337,Dijon,https://www.tomtom.com/en_gb/traffic-index/dijon-traffic#statistics,340,France,17%0%,29,39,78 hours,17,78,47.322047,5.04148,169946.0,148.0
338,Colorado Springs,https://www.tomtom.com/en_gb/traffic-index/colorado-springs-traffic#statistics,341,United States of America,17%1%,24,34,69 hours,17,69,38.8338816,-104.8213634,623946.0,0.0
339,Wuppertal,https://www.tomtom.com/en_gb/traffic-index/wuppertal-traffic#statistics,342,Germany,17%1%,30,34,73 hours,17,73,51.2562128,7.150763599999999,776525.0,149.0
340,Jacksonville,https://www.tomtom.com/en_gb/traffic-index/jacksonville-traffic#statistics,343,United States of America,17%0%,32,43,87 hours,17,87,30.3321838,-81.65565099999999,1156291.0,0.0
341,Albuquerque,https://www.tomtom.com/en_gb/traffic-index/albuquerque-traffic#statistics,344,United States of America,17%0%,28,38,78 hours,17,78,35.0843859,-106.650422,758523.0,0.0
342,Padua,https://www.tomtom.com/en_gb/traffic-index/padua-traffic#statistics,345,Italy,17%1%,43,37,92 hours,17,92,45.4064349,11.8767611,214000.0,150.0
343,Parma,https://www.tomtom.com/en_gb/traffic-index/parma-traffic#statistics,346,Italy,17%1%,32,34,75 hours,17,75,44.801485,10.3279036,166011.0,151.0
344,Santander,https://www.tomtom.com/en_gb/traffic-index/santander-traffic#statistics,347,Spain,17%0%,21,26,55 hours,17,55,43.46230569999999,-3.8099803,208763.0,152.0
345,Den Bosch,https://www.tomtom.com/en_gb/traffic-index/den-bosch-traffic#statistics,348,Netherlands,17%1%,28,48,87 hours,17,87,51.6978162,5.3036748,134520.0,153.0
346,Hartford,https://www.tomtom.com/en_gb/traffic-index/hartford-traffic#statistics,349,United States of America,17%1%,28,43,82 hours,17,82,41.7658043,-72.6733723,914751.0,0.0
347,Canberra,https://www.tomtom.com/en_gb/traffic-index/canberra-traffic#statistics,350,Australia,17%1%,38,30,78 hours,17,78,-35.2809368,149.1300092,327700.0,0.0
348,Funchal,https://www.tomtom.com/en_gb/traffic-index/funchal-traffic#statistics,351,Portugal,17%1%,34,41,87 hours,17,87,32.6669328,-16.9240554,204767.0,154.0
349,Minneapolis,https://www.tomtom.com/en_gb/traffic-index/minneapolis-traffic#statistics,352,United States of America,17%1%,29,42,85 hours,17,85,44.977753,-93.2650108,2926757.0,0.0
350,Kayseri,https://www.tomtom.com/en_gb/traffic-index/kayseri-traffic#statistics,353,Turkey,17%1%,21,27,57 hours,17,57,38.720489,35.48259700000001,592840.0,0.0
351,Ravenna,https://www.tomtom.com/en_gb/traffic-index/ravenna-traffic#statistics,354,Italy,17%0%,27,32,66 hours,17,66,44.4183598,12.2035294,134631.0,155.0
352,Bruges,https://www.tomtom.com/en_gb/traffic-index/bruges-traffic#statistics,355,Belgium,16%1%,30,31,71 hours,16,71,51.209348,3.2246995,146469.0,156.0
353,Columbus,https://www.tomtom.com/en_gb/traffic-index/columbus-traffic#statistics,356,United States of America,16%1%,25,43,80 hours,16,80,39.9611755,-82.99879419999999,1528314.0,0.0
354,Cincinnati,https://www.tomtom.com/en_gb/traffic-index/cincinnati-traffic#statistics,357,United States of America,16%1%,28,42,82 hours,16,82,39.1031182,-84.5120196,1648254.0,0.0
355,Reims,https://www.tomtom.com/en_gb/traffic-index/reims-traffic#statistics,358,France,16%0%,27,36,73 hours,16,73,49.258329,4.031696,196565.0,157.0
356,Edmonton,https://www.tomtom.com/en_gb/traffic-index/edmonton-traffic#statistics,359,Canada,16%0%,25,35,71 hours,16,71,53.5461245,-113.4938229,1058000.0,0.0
357,New Haven,https://www.tomtom.com/en_gb/traffic-index/new-haven-traffic#statistics,360,United States of America,16%0%,20,38,69 hours,16,69,41.308274,-72.9278835,568144.0,0.0
358,Detroit,https://www.tomtom.com/en_gb/traffic-index/detroit-traffic#statistics,361,United States of America,16%1%,25,38,73 hours,16,73,42.331427,-83.0457538,3522206.0,0.0
359,Virginia Beach,https://www.tomtom.com/en_gb/traffic-index/virginia-beach-traffic#statistics,362,United States of America,16%0%,22,36,69 hours,16,69,36.8529263,-75.97798499999999,1480383.0,0.0
360,El Paso,https://www.tomtom.com/en_gb/traffic-index/el-paso-traffic#statistics,363,United States of America,16%1%,21,34,64 hours,16,64,31.7618778,-106.4850217,845674.0,0.0
361,Kitchener-Waterloo,https://www.tomtom.com/en_gb/traffic-index/kitchener-waterloo-traffic#statistics,364,Canada,16%2%,25,33,69 hours,16,69,43.4516395,-80.4925337,417001.0,0.0
362,Tours,https://www.tomtom.com/en_gb/traffic-index/tours-traffic#statistics,365,France,16%1%,30,34,73 hours,16,73,47.394144,0.68484,236096.0,158.0
363,Grand Rapids,https://www.tomtom.com/en_gb/traffic-index/grand-rapids-traffic#statistics,366,United States of America,16%2%,26,37,73 hours,16,73,42.9633599,-85.6680863,602694.0,0.0
364,Albany,https://www.tomtom.com/en_gb/traffic-index/albany-traffic#statistics,367,United States of America,16%2%,21,38,71 hours,16,71,42.6525793,-73.7562317,597270.0,0.0
365,Gijon,https://www.tomtom.com/en_gb/traffic-index/gijon-traffic#statistics,368,Spain,16%1%,18,26,52 hours,16,52,43.5322015,-5.6611195,335972.0,159.0
366,Pamplona,https://www.tomtom.com/en_gb/traffic-index/pamplona-traffic#statistics,369,Spain,16%1%,26,24,57 hours,16,57,42.812526,-1.6457745,274545.0,160.0
367,Louisville,https://www.tomtom.com/en_gb/traffic-index/louisville-traffic#statistics,370,United States of America,15%1%,21,39,71 hours,15,71,38.2526647,-85.7584557,1011696.0,0.0
368,Kortrijk,https://www.tomtom.com/en_gb/traffic-index/kortrijk-traffic#statistics,371,Belgium,15%3%,29,30,69 hours,15,69,50.8194776,3.2577263,75528.0,161.0
369,Bergen,https://www.tomtom.com/en_gb/traffic-index/bergen-traffic#statistics,372,Norway,15%0%,28,40,80 hours,15,80,60.39126279999999,5.3220544,213585.0,0.0
370,Allentown,https://www.tomtom.com/en_gb/traffic-index/allentown-traffic#statistics,373,United States of America,15%0%,21,34,64 hours,15,64,40.6022939,-75.4714098,682899.0,0.0
371,Vigo,https://www.tomtom.com/en_gb/traffic-index/vigo-traffic#statistics,374,Spain,15%2%,21,23,50 hours,15,50,42.24059889999999,-8.7207268,378952.0,162.0
372,Coimbra,https://www.tomtom.com/en_gb/traffic-index/coimbra-traffic#statistics,375,Portugal,15%1%,29,31,69 hours,15,69,40.2033145,-8.4102573,106582.0,163.0
373,Tampere,https://www.tomtom.com/en_gb/traffic-index/tampere-traffic#statistics,376,Finland,15%0%,22,27,57 hours,15,57,61.4977524,23.7609535,259279.0,164.0
374,Worcester,https://www.tomtom.com/en_gb/traffic-index/worcester-traffic#statistics,377,United States of America,15%1%,20,31,59 hours,15,59,42.2625932,-71.8022934,498997.0,0.0
375,Trondheim,https://www.tomtom.com/en_gb/traffic-index/trondheim-traffic#statistics,378,Norway,15%2%,28,35,75 hours,15,75,63.4305149,10.3950528,147139.0,0.0
376,Malmo,https://www.tomtom.com/en_gb/traffic-index/malmo-traffic#statistics,379,Sweden,15%0%,23,31,62 hours,15,62,55.604981,13.003822,269349.0,165.0
377,Buffalo,https://www.tomtom.com/en_gb/traffic-index/buffalo-traffic#statistics,380,United States of America,15%0%,22,36,69 hours,15,69,42.88644679999999,-78.8783689,926261.0,0.0
378,Memphis,https://www.tomtom.com/en_gb/traffic-index/memphis-traffic#statistics,381,United States of America,15%1%,21,32,62 hours,15,62,35.1495343,-90.0489801,1068873.0,0.0
379,Modena,https://www.tomtom.com/en_gb/traffic-index/modena-traffic#statistics,382,Italy,14%1%,29,31,69 hours,14,69,44.647128,10.9252269,175502.0,166.0
380,St. Louis,https://www.tomtom.com/en_gb/traffic-index/st-louis-traffic#statistics,383,United States of America,14%0%,25,36,71 hours,14,71,38.6270025,-90.19940419999999,2078283.0,0.0
381,Indianapolis,https://www.tomtom.com/en_gb/traffic-index/indianapolis-traffic#statistics,384,United States of America,14%1%,22,37,69 hours,14,69,39.768403,-86.158068,1564699.0,0.0
382,Cordoba,https://www.tomtom.com/en_gb/traffic-index/cordoba-traffic#statistics,385,Spain,14%1%,23,18,48 hours,14,48,37.8881751,-4.7793835,321376.0,167.0
383,Brescia,https://www.tomtom.com/en_gb/traffic-index/brescia-traffic#statistics,386,Italy,14%0%,28,29,64 hours,14,64,45.5415526,10.2118019,208975.0,168.0
384,Vitoria-Gasteiz,https://www.tomtom.com/en_gb/traffic-index/vitoria-gasteiz-traffic#statistics,387,Spain,14%0%,17,23,48 hours,14,48,42.8591656,-2.681791800000001,224578.0,169.0
385,Omaha-Council Bluffs,https://www.tomtom.com/en_gb/traffic-index/omaha-council-bluffs-traffic#statistics,388,United States of America,14%0%,24,35,69 hours,14,69,41.2360849,-95.8872548,890102.0,0.0
386,Oklahoma City,https://www.tomtom.com/en_gb/traffic-index/oklahoma-city-traffic#statistics,389,United States of America,14%1%,22,36,69 hours,14,69,35.4675602,-97.5164276,955998.0,0.0
387,Cartagena,https://www.tomtom.com/en_gb/traffic-index/cartagena-traffic#statistics,390,Spain,14%1%,17,20,43 hours,14,43,37.6256827,-0.9965839,201274.0,170.0
388,Zaragoza,https://www.tomtom.com/en_gb/traffic-index/zaragoza-traffic#statistics,391,Spain,14%0%,21,22,48 hours,14,48,41.6488226,-0.8890853,649404.0,171.0
389,Rochester,https://www.tomtom.com/en_gb/traffic-index/rochester-traffic#statistics,392,United States of America,14%1%,22,32,64 hours,14,64,43.15657789999999,-77.6088465,711998.0,0.0
390,San Sebastian,https://www.tomtom.com/en_gb/traffic-index/san-sebastian-traffic#statistics,393,Spain,14%2%,22,20,48 hours,14,48,43.318334,-1.9812313,186095.0,172.0
391,Wollongong,https://www.tomtom.com/en_gb/traffic-index/wollongong-traffic#statistics,394,Australia,13%0%,26,21,55 hours,13,55,-34.4278121,150.8930607,260914.0,0.0
392,Charleroi,https://www.tomtom.com/en_gb/traffic-index/charleroi-traffic#statistics,395,Belgium,13%1%,21,27,55 hours,13,55,50.4108095,4.444643,345367.0,173.0
393,Valladolid,https://www.tomtom.com/en_gb/traffic-index/valladolid-traffic#statistics,396,Spain,13%0%,21,19,46 hours,13,46,41.652251,-4.724532099999999,322304.0,174.0
394,Stavanger,https://www.tomtom.com/en_gb/traffic-index/stavanger-traffic#statistics,397,Norway,13%2%,24,39,75 hours,13,75,58.9699756,5.7331074,173132.0,0.0
395,Oviedo,https://www.tomtom.com/en_gb/traffic-index/oviedo-traffic#statistics,398,Spain,13%0%,20,23,50 hours,13,50,43.3619145,-5.8493887,235651.0,175.0
396,Columbia,https://www.tomtom.com/en_gb/traffic-index/columbia-traffic#statistics,399,United States of America,13%0%,21,35,66 hours,13,66,34.0007104,-81.0348144,566166.0,0.0
397,Milwaukee,https://www.tomtom.com/en_gb/traffic-index/milwaukee-traffic#statistics,400,United States of America,13%1%,22,30,59 hours,13,59,43.0389025,-87.9064736,1377808.0,0.0
398,Bilbao,https://www.tomtom.com/en_gb/traffic-index/bilbao-traffic#statistics,401,Spain,13%0%,24,25,57 hours,13,57,43.2630126,-2.9349852,875552.0,176.0
399,Bloemfontein,https://www.tomtom.com/en_gb/traffic-index/bloemfontein-traffic#statistics,402,South Africa,13%1%,30,23,62 hours,13,62,-29.085214,26.1595761,463064.0,0.0
400,Tulsa,https://www.tomtom.com/en_gb/traffic-index/tulsa-traffic#statistics,403,United States of America,13%1%,16,29,55 hours,13,55,36.1539816,-95.99277500000001,672054.0,0.0
401,Cleveland,https://www.tomtom.com/en_gb/traffic-index/cleveland-traffic#statistics,404,United States of America,12%1%,20,26,55 hours,12,55,41.49932,-81.6943605,1730363.0,0.0
402,Knoxville,https://www.tomtom.com/en_gb/traffic-index/knoxville-traffic#statistics,405,United States of America,12%0%,18,32,59 hours,12,59,35.9606384,-83.9207392,585249.0,0.0
403,Kansas City,https://www.tomtom.com/en_gb/traffic-index/kansas-city-traffic#statistics,406,United States of America,12%0%,19,29,55 hours,12,55,39.0997265,-94.5785667,1615621.0,0.0
404,Richmond,https://www.tomtom.com/en_gb/traffic-index/richmond-traffic#statistics,407,United States of America,12%1%,19,29,55 hours,12,55,37.5407246,-77.4360481,1059907.0,0.0
405,Winston-Salem,https://www.tomtom.com/en_gb/traffic-index/winston-salem-traffic#statistics,408,United States of America,12%2%,17,29,55 hours,12,55,36.09985959999999,-80.244216,416581.0,0.0
406,Little Rock,https://www.tomtom.com/en_gb/traffic-index/little-rock-traffic#statistics,409,United States of America,11%1%,21,27,55 hours,11,55,34.7464809,-92.28959479999999,442699.0,0.0
407,Abu Dhabi,https://www.tomtom.com/en_gb/traffic-index/abu-dhabi-traffic#statistics,410,United Arab Emirates,10%1%,17,18,41 hours,10,41,24.453884,54.3773438,603492.0,0.0
408,Almere,https://www.tomtom.com/en_gb/traffic-index/almere-traffic#statistics,411,Netherlands,10%2%,17,18,41 hours,10,41,52.3507849,5.2647016,207904.0,177.0
409,Dayton,https://www.tomtom.com/en_gb/traffic-index/dayton-traffic#statistics,412,United States of America,10%0%,13,24,43 hours,10,43,39.7589478,-84.1916069,718169.0,0.0
410,Syracuse,https://www.tomtom.com/en_gb/traffic-index/syracuse-traffic#statistics,413,United States of America,10%0%,13,18,36 hours,10,36,43.0481221,-76.14742439999999,407259.0,0.0
411,Akron,https://www.tomtom.com/en_gb/traffic-index/akron-traffic#statistics,414,United States of America,10%0%,14,18,36 hours,10,36,41.0814447,-81.51900529999999,565920.0,0.0
412,Cadiz,https://www.tomtom.com/en_gb/traffic-index/cadiz-traffic#statistics,415,Spain,10%1%,10,9,23 hours,10,23,36.5270612,-6.2885962,283157.0,178.0
413,Greensboro-High Point,https://www.tomtom.com/en_gb/traffic-index/greensboro-high-point-traffic#statistics,416,United States of America,9%0%,11,18,34 hours,9,34,35.9556923,-80.0053176,513462.0,0.0
