"Country or territory of asylum or residence","Country or territory of origin","Year","Refugees<sup>*</sup>","Refugees assisted by UNHCR","Total refugees and people in refugee-like situations<sup>**</sup>","Total refugees and people in refugee-like situations assisted by UNHCR"
"Algeria","Various","1984","2000","","2000",""
"Algeria","Western Sahara","1984","165000","","165000",""
"Angola","Dem. Rep. of the Congo","1984","13260","","13260",""
"Angola","Namibia","1984","70000","","70000",""
"Angola","South Africa","1984","9000","","9000",""
"Argentina","Various","1984","11500","","11500",""
"Australia","Various","1984","89000","","89000",""
"Austria","Various","1984","39099","","39099",""
"Belgium","Various","1984","36400","","36400",""
"Belize","El Salvador","1984","7000","","7000",""
"Belize","Guatemala","1984","1180","","1180",""
"Benin","Chad","1984","750","","750",""
"Benin","Various","1984","50","","50",""
"Botswana","Angola","1984","70","","70",""
"Botswana","Namibia","1984","50","","50",""
"Botswana","South Africa","1984","500","","500",""
"Botswana","Various","1984","590","","590",""
"Botswana","Zimbabwe","1984","3760","","3760",""
"Brazil","Uruguay","1984","140","","140",""
"Brazil","Various","1984","5020","","5020",""
"Brazil","Viet Nam","1984","140","","140",""
"Burkina Faso","Various","1984","100","","100",""
"Burundi","Dem. Rep. of the Congo","1984","19650","","19650",""
"Burundi","Rwanda","1984","227870","","227870",""
"Burundi","Uganda","1984","26290","","26290",""
"Cameroon","Chad","1984","13500","","13500",""
"Cameroon","Various","1984","190","","190",""
"Canada","Various","1984","112966","","112966",""
"Central African Rep.","Chad","1984","42000","","42000",""
"Chile","Various","1984","2500","","2500",""
"China","Lao People's Dem. Rep.","1984","3790","","3790",""
"China","Viet Nam","1984","275960","","275960",""
"Colombia","Nicaragua","1984","70","","70",""
"Colombia","Various","1984","260","","260",""
"Congo","Various","1984","1000","","1000",""
"Costa Rica","Cuba","1984","110","","110",""
"Costa Rica","El Salvador","1984","6100","","6100",""
"Costa Rica","Guatemala","1984","200","","200",""
"Costa Rica","Nicaragua","1984","8100","","8100",""
"Costa Rica","Various","1984","2400","","2400",""
"Côte d'Ivoire","Burkina Faso","1984","50","","50",""
"Côte d'Ivoire","Ghana","1984","200","","200",""
"Côte d'Ivoire","Islamic Rep. of Iran","1984","60","","60",""
"Côte d'Ivoire","Various","1984","160","","160",""
"Côte d'Ivoire","Viet Nam","1984","180","","180",""
"Cuba","Various","1984","2000","","2000",""
"Dem. Rep. of the Congo","Angola","1984","282660","","282660",""
"Dem. Rep. of the Congo","Burundi","1984","10150","","10150",""
"Dem. Rep. of the Congo","Chad","1984","90","","90",""
"Dem. Rep. of the Congo","Rwanda","1984","12120","","12120",""
"Dem. Rep. of the Congo","Uganda","1984","30810","","30810",""
"Dem. Rep. of the Congo","Various","1984","1500","","1500",""
"Denmark","Various","1984","8500","","8500",""
"Djibouti","Ethiopia","1984","16770","","16770",""
"Dominican Rep.","Haiti","1984","5130","","5130",""
"Ecuador","Cuba","1984","120","","120",""
"Ecuador","Various","1984","750","","750",""
"Egypt","Various","1984","5500","","5500",""
"Ethiopia","Sudan","1984","180000","","180000",""
"Ethiopia","Various","1984","480","","480",""
"Finland","Various","1984","500","","500",""
"France","Various","1984","169863","","169863",""
"Germany","Various","1984","126600","","126600",""
"Ghana","Various","1984","90","","90",""
"Greece","Czech Rep.","1984","50","","50",""
"Greece","Ethiopia","1984","220","","220",""
"Greece","Greece","1984","260","","260",""
"Greece","Iraq","1984","1330","","1330",""
"Greece","Islamic Rep. of Iran","1984","180","","180",""
"Greece","Lebanon","1984","60","","60",""
"Greece","Poland","1984","350","","350",""
"Greece","Romania","1984","80","","80",""
"Greece","Turkey","1984","1040","","1040",""
"Greece","Various","1984","590","","590",""
"Greece","Viet Nam","1984","160","","160",""
"Guatemala","El Salvador","1984","70000","","70000",""
"Honduras","El Salvador","1984","21400","","21400",""
"Honduras","Guatemala","1984","1000","","1000",""
"Honduras","Nicaragua","1984","26800","","26800",""
"Hong Kong SAR, China","Various","1984","60","","60",""
"Hong Kong SAR, China","Viet Nam","1984","11900","","11900",""
"India","Afghanistan","1984","5850","","5850",""
"India","Islamic Rep. of Iran","1984","1250","","1250",""
"India","Various","1984","100","","100",""
"Indonesia","Cambodia","1984","1000","","1000",""
"Indonesia","Viet Nam","1984","8500","","8500",""
"Iraq","Eritrea","1984","1200","","1200",""
"Ireland","Chile","1984","60","","60",""
"Ireland","Various","1984","440","","440",""
"Islamic Rep. of Iran","Afghanistan","1984","1900000","","1900000",""
"Islamic Rep. of Iran","Iraq","1984","100000","","100000",""
"Italy","Afghanistan","1984","551","","551",""
"Italy","Albania","1984","106","","106",""
"Italy","Algeria","1984","3","","3",""
"Italy","Angola","1984","11","","11",""
"Italy","Argentina","1984","42","","42",""
"Italy","Armenia","1984","33","","33",""
"Italy","Bolivia (Plurinational State of)","1984","1","","1",""
"Italy","Brazil","1984","5","","5",""
"Italy","Bulgaria","1984","183","","183",""
"Italy","Burundi","1984","2","","2",""
"Italy","Cambodia","1984","188","","188",""
"Italy","Chad","1984","6","","6",""
"Italy","Chile","1984","142","","142",""
"Italy","China","1984","24","","24",""
"Italy","Congo","1984","6","","6",""
"Italy","Cuba","1984","6","","6",""
"Italy","Czech Rep.","1984","406","","406",""
"Italy","Dem. Rep. of the Congo","1984","22","","22",""
"Italy","Dominican Rep.","1984","1","","1",""
"Italy","Egypt","1984","6","","6",""
"Italy","Equatorial Guinea","1984","1","","1",""
"Italy","Eritrea","1984","185","","185",""
"Italy","Ethiopia","1984","744","","744",""
"Italy","Ghana","1984","102","","102",""
"Italy","Guinea-Bissau","1984","2","","2",""
"Italy","Hungary","1984","430","","430",""
"Italy","Iraq","1984","294","","294",""
"Italy","Islamic Rep. of Iran","1984","1304","","1304",""
"Italy","Jordan","1984","3","","3",""
"Italy","Lao People's Dem. Rep.","1984","113","","113",""
"Italy","Libya","1984","291","","291",""
"Italy","Lithuania","1984","1","","1",""
"Italy","Mauritania","1984","1","","1",""
"Italy","Morocco","1984","1","","1",""
"Italy","Namibia","1984","2","","2",""
"Italy","Pakistan","1984","1","","1",""
"Italy","Poland","1984","644","","644",""
"Italy","Romania","1984","882","","882",""
"Italy","Russian Federation","1984","11577","","11577",""
"Italy","Rwanda","1984","1","","1",""
"Italy","Serbia (and Kosovo: S/RES/1244 (1999))","1984","91","","91",""
"Italy","Seychelles","1984","2","","2",""
"Italy","Somalia","1984","39","","39",""
"Italy","Spain","1984","2","","2",""
"Italy","Stateless","1984","32","","32",""
"Italy","Sudan","1984","2","","2",""
"Italy","Syrian Arab Rep.","1984","9","","9",""
"Italy","Togo","1984","1","","1",""
"Italy","Tunisia","1984","6","","6",""
"Italy","Uganda","1984","21","","21",""
"Italy","United Rep. of Tanzania","1984","1","","1",""
"Italy","Uruguay","1984","25","","25",""
"Italy","Various","1984","18","","18",""
"Italy","Viet Nam","1984","2928","","2928",""
"Italy","Yemen","1984","1","","1",""
"Japan","Islamic Rep. of Iran","1984","50","","50",""
"Japan","Viet Nam","1984","3917","","3917",""
"Jordan","Afghanistan","1984","150","","150",""
"Jordan","Ethiopia","1984","250","","250",""
"Kenya","Ethiopia","1984","1760","","1760",""
"Kenya","Mozambique","1984","180","","180",""
"Kenya","Rwanda","1984","1770","","1770",""
"Kenya","Uganda","1984","3880","","3880",""
"Kenya","Various","1984","470","","470",""
"Kuwait","Afghanistan","1984","400","","400",""
"Kuwait","Ethiopia","1984","2210","","2210",""
"Kuwait","Iraq","1984","100","","100",""
"Kuwait","Somalia","1984","100","","100",""
"Lao People's Dem. Rep.","Cambodia","1984","1200","","1200",""
"Lebanon","Armenia","1984","300","","300",""
"Lebanon","Ethiopia","1984","1000","","1000",""
"Lebanon","Stateless","1984","1100","","1100",""
"Lebanon","Syrian Arab Rep.","1984","520","","520",""
"Lesotho","South Africa","1984","11660","","11660",""
"Lesotho","Various","1984","190","","190",""
"Liberia","Ghana","1984","50","","50",""
"Liberia","Sudan","1984","60","","60",""
"Liberia","Various","1984","150","","150",""
"Macao SAR, China","Viet Nam","1984","730","","730",""
"Malaysia","Cambodia","1984","110","","110",""
"Malaysia","Philippines","1984","100000","","100000",""
"Malaysia","Various","1984","100","","100",""
"Malaysia","Viet Nam","1984","8850","","8850",""
"Mexico","El Salvador","1984","120000","","120000",""
"Mexico","Guatemala","1984","45000","","45000",""
"Mexico","Various","1984","10000","","10000",""
"Morocco","Spain","1984","60","","60",""
"Morocco","Various","1984","740","","740",""
"Mozambique","Chile","1984","250","","250",""
"Mozambique","Indonesia","1984","70","","70",""
"Mozambique","South Africa","1984","420","","420",""
"Mozambique","Various","1984","80","","80",""
"Nepal","Tibetans","1984","11800","","11800",""
"Netherlands","Various","1984","15000","","15000",""
"New Zealand","Various","1984","4500","","4500",""
"Nicaragua","El Salvador","1984","17500","","17500",""
"Nicaragua","Guatemala","1984","500","","500",""
"Nicaragua","Various","1984","500","","500",""
"Nigeria","Chad","1984","4000","","4000",""
"Nigeria","Ghana","1984","350","","350",""
"Nigeria","Islamic Rep. of Iran","1984","90","","90",""
"Nigeria","Various","1984","130","","130",""
"Norway","Various","1984","10000","","10000",""
"Pakistan","Afghanistan","1984","2500000","","2500000",""
"Panama","El Salvador","1984","1000","","1000",""
"Panama","Nicaragua","1984","50","","50",""
"Panama","Various","1984","450","","450",""
"Papua New Guinea","Indonesia","1984","10950","","10950",""
"Peru","Cuba","1984","340","","340",""
"Peru","Islamic Rep. of Iran","1984","60","","60",""
"Peru","Various","1984","160","","160",""
"Philippines","Cambodia","1984","7320","","7320",""
"Philippines","Islamic Rep. of Iran","1984","200","","200",""
"Philippines","Lao People's Dem. Rep.","1984","670","","670",""
"Philippines","Viet Nam","1984","10080","","10080",""
"Portugal","Various","1984","600","","600",""
"Qatar","Ethiopia","1984","200","","200",""
"Romania","Chile","1984","1000","","1000",""
"Rwanda","Burundi","1984","18520","","18520",""
"Rwanda","Uganda","1984","30420","","30420",""
"Saudi Arabia","Afghanistan","1984","5000","","5000",""
"Saudi Arabia","Ethiopia","1984","100000","","100000",""
"Saudi Arabia","Somalia","1984","500","","500",""
"Senegal","Guinea","1984","70","","70",""
"Senegal","Guinea-Bissau","1984","5010","","5010",""
"Senegal","Various","1984","120","","120",""
"Serbia (and Kosovo: S/RES/1244 (1999))","Albania","1984","1470","","1470",""
"Serbia (and Kosovo: S/RES/1244 (1999))","Chile","1984","100","","100",""
"Serbia (and Kosovo: S/RES/1244 (1999))","Various","1984","1580","","1580",""
"Sierra Leone","Namibia","1984","180","","180",""
"Somalia","Ethiopia","1984","701300","","701300",""
"Spain","Various","1984","9900","","9900",""
"Sudan","Chad","1984","121000","","121000",""
"Sudan","Dem. Rep. of the Congo","1984","5000","","5000",""
"Sudan","Ethiopia","1984","645000","","645000",""
"Sudan","Uganda","1984","200000","","200000",""
"Swaziland","Mozambique","1984","1020","","1020",""
"Swaziland","South Africa","1984","7700","","7700",""
"Swaziland","Various","1984","260","","260",""
"Sweden","Various","1984","90600","","90600",""
"Switzerland","Various","1984","31201","","31201",""
"Syrian Arab Rep.","Afghanistan","1984","3200","","3200",""
"Syrian Arab Rep.","Ethiopia","1984","900","","900",""
"Syrian Arab Rep.","Lebanon","1984","30000","","30000",""
"Syrian Arab Rep.","Various","1984","130","","130",""
"Thailand","Cambodia","1984","41650","","41650",""
"Thailand","Lao People's Dem. Rep.","1984","82100","","82100",""
"Thailand","Viet Nam","1984","4750","","4750",""
"Togo","Ghana","1984","1500","","1500",""
"Togo","Various","1984","300","","300",""
"Turkey","Islamic Rep. of Iran","1984","1450","","1450",""
"Turkey","Various","1984","1150","","1150",""
"Uganda","Dem. Rep. of the Congo","1984","31350","","31350",""
"Uganda","Rwanda","1984","115350","","115350",""
"Uganda","Various","1984","4300","","4300",""
"United Arab Emirates","Afghanistan","1984","2500","","2500",""
"United Arab Emirates","Ethiopia","1984","1500","","1500",""
"United Arab Emirates","Islamic Rep. of Iran","1984","600","","600",""
"United Arab Emirates","Uganda","1984","70","","70",""
"United Arab Emirates","United Rep. of Tanzania","1984","500","","500",""
"United Kingdom","Various","1984","135000","","135000",""
"United Rep. of Tanzania","Burundi","1984","154240","","154240",""
"United Rep. of Tanzania","Dem. Rep. of the Congo","1984","15670","","15670",""
"United Rep. of Tanzania","South Africa","1984","6000","","6000",""
"United Rep. of Tanzania","Uganda","1984","2500","","2500",""
"United Rep. of Tanzania","Various","1984","1500","","1500",""
"United States","Various","1984","626909","","626909",""
"Various","Ethiopia","1984","70000","","70000",""
"Various","Various","1984","101020","","101020",""
"Venezuela (Bolivarian Republic of)","Cuba","1984","780","","780",""
"Venezuela (Bolivarian Republic of)","Haiti","1984","310","","310",""
"Venezuela (Bolivarian Republic of)","Various","1984","330","","330",""
"Viet Nam","Cambodia","1984","21000","","21000",""
"Yemen","Ethiopia","1984","4280","","4280",""
"Zambia","Angola","1984","75080","","75080",""
"Zambia","Dem. Rep. of the Congo","1984","9560","","9560",""
"Zambia","Malawi","1984","440","","440",""
"Zambia","Namibia","1984","7320","","7320",""
"Zambia","South Africa","1984","2830","","2830",""
"Zambia","Various","1984","1250","","1250",""
"Zimbabwe","Mozambique","1984","50000","","50000",""
"Zimbabwe","South Africa","1984","450","","450",""
"Zimbabwe","Various","1984","50","","50",""
"Algeria","Spain","1983","300","","300",""
"Algeria","Various","1983","1700","","1700",""
"Algeria","Western Sahara","1983","165000","","165000",""
"Angola","Dem. Rep. of the Congo","1983","20060","","20060",""
"Angola","Namibia","1983","70010","","70010",""
"Angola","South Africa","1983","6210","","6210",""
"Argentina","Various","1983","11500","","11500",""
"Australia","Various","1983","317000","","317000",""
"Austria","Various","1983","37298","","37298",""
"Belgium","Various","1983","35000","","35000",""
"Belize","El Salvador","1983","7000","","7000",""
"Benin","Various","1983","50","","50",""
"Botswana","South Africa","1983","1000","","1000",""
"Botswana","Various","1983","400","","400",""
"Botswana","Zimbabwe","1983","3200","","3200",""
"Brazil","Various","1983","5400","","5400",""
"Burkina Faso","Various","1983","70","","70",""
"Burundi","Dem. Rep. of the Congo","1983","19650","","19650",""
"Burundi","Rwanda","1983","227870","","227870",""
"Burundi","Uganda","1983","6250","","6250",""
"Burundi","Various","1983","50","","50",""
"Cameroon","Chad","1983","3950","","3950",""
"Cameroon","Various","1983","240","","240",""
"Canada","Various","1983","120947","","120947",""
"Central African Rep.","Chad","1983","6790","","6790",""
"Chile","Various","1983","2500","","2500",""
"China","Lao People's Dem. Rep.","1983","3910","","3910",""
"China","Viet Nam","1983","272720","","272720",""
"Colombia","Nicaragua","1983","60","","60",""
"Colombia","Various","1983","150","","150",""
"Congo","Chad","1983","1000","","1000",""
"Costa Rica","El Salvador","1983","10000","","10000",""
"Costa Rica","Guatemala","1983","300","","300",""
"Costa Rica","Nicaragua","1983","3910","","3910",""
"Costa Rica","Various","1983","2700","","2700",""
"Côte d'Ivoire","Ghana","1983","150","","150",""
"Côte d'Ivoire","Islamic Rep. of Iran","1983","60","","60",""
"Côte d'Ivoire","Various","1983","120","","120",""
"Côte d'Ivoire","Viet Nam","1983","120","","120",""
"Cuba","Various","1983","2000","","2000",""
"Dem. Rep. of the Congo","Angola","1983","215000","","215000",""
"Dem. Rep. of the Congo","Burundi","1983","10000","","10000",""
"Dem. Rep. of the Congo","Rwanda","1983","12000","","12000",""
"Dem. Rep. of the Congo","Uganda","1983","65000","","65000",""
"Dem. Rep. of the Congo","Various","1983","300","","300",""
"Dem. Rep. of the Congo","Zambia","1983","1200","","1200",""
"Denmark","Various","1983","3600","","3600",""
"Djibouti","Ethiopia","1983","29170","","29170",""
"Dominican Rep.","Haiti","1983","5000","","5000",""
"Ecuador","Cuba","1983","80","","80",""
"Ecuador","Various","1983","690","","690",""
"Egypt","Various","1983","35000","","35000",""
"Ethiopia","Sudan","1983","31000","","31000",""
"Ethiopia","Various","1983","370","","370",""
"France","Various","1983","164113","","164113",""
"Germany","Various","1983","115000","","115000",""
"Ghana","Various","1983","90","","90",""
"Greece","Ethiopia","1983","70","","70",""
"Greece","Greece","1983","280","","280",""
"Greece","Iraq","1983","1780","","1780",""
"Greece","Islamic Rep. of Iran","1983","290","","290",""
"Greece","Lebanon","1983","90","","90",""
"Greece","Poland","1983","90","","90",""
"Greece","Romania","1983","200","","200",""
"Greece","Turkey","1983","540","","540",""
"Greece","Various","1983","620","","620",""
"Greece","Viet Nam","1983","130","","130",""
"Guatemala","El Salvador","1983","70000","","70000",""
"Honduras","El Salvador","1983","19100","","19100",""
"Honduras","Guatemala","1983","1000","","1000",""
"Honduras","Nicaragua","1983","19550","","19550",""
"Hong Kong SAR, China","Viet Nam","1983","12770","","12770",""
"India","Afghanistan","1983","5300","","5300",""
"India","Islamic Rep. of Iran","1983","1560","","1560",""
"India","Various","1983","70","","70",""
"Indonesia","Cambodia","1983","1360","","1360",""
"Indonesia","Viet Nam","1983","8710","","8710",""
"Iraq","Eritrea","1983","1200","","1200",""
"Islamic Rep. of Iran","Afghanistan","1983","1800000","","1800000",""
"Islamic Rep. of Iran","Ethiopia","1983","60","","60",""
"Islamic Rep. of Iran","Iraq","1983","100000","","100000",""
"Italy","Afghanistan","1983","545","","545",""
"Italy","Albania","1983","90","","90",""
"Italy","Algeria","1983","3","","3",""
"Italy","Angola","1983","10","","10",""
"Italy","Argentina","1983","42","","42",""
"Italy","Armenia","1983","33","","33",""
"Italy","Bolivia (Plurinational State of)","1983","1","","1",""
"Italy","Brazil","1983","5","","5",""
"Italy","Bulgaria","1983","227","","227",""
"Italy","Burundi","1983","2","","2",""
"Italy","Cambodia","1983","185","","185",""
"Italy","Chad","1983","4","","4",""
"Italy","Chile","1983","394","","394",""
"Italy","China","1983","24","","24",""
"Italy","Congo","1983","6","","6",""
"Italy","Cuba","1983","4","","4",""
"Italy","Czech Rep.","1983","421","","421",""
"Italy","Dem. Rep. of the Congo","1983","11","","11",""
"Italy","Dominican Rep.","1983","1","","1",""
"Italy","Egypt","1983","6","","6",""
"Italy","Equatorial Guinea","1983","1","","1",""
"Italy","Eritrea","1983","185","","185",""
"Italy","Ethiopia","1983","597","","597",""
"Italy","Ghana","1983","18","","18",""
"Italy","Guinea-Bissau","1983","2","","2",""
"Italy","Hungary","1983","607","","607",""
"Italy","Iraq","1983","241","","241",""
"Italy","Islamic Rep. of Iran","1983","607","","607",""
"Italy","Jordan","1983","2","","2",""
"Italy","Lao People's Dem. Rep.","1983","113","","113",""
"Italy","Libya","1983","275","","275",""
"Italy","Lithuania","1983","1","","1",""
"Italy","Morocco","1983","1","","1",""
"Italy","Namibia","1983","2","","2",""
"Italy","Pakistan","1983","1","","1",""
"Italy","Poland","1983","621","","621",""
"Italy","Romania","1983","941","","941",""
"Italy","Russian Federation","1983","11574","","11574",""
"Italy","Rwanda","1983","1","","1",""
"Italy","Serbia (and Kosovo: S/RES/1244 (1999))","1983","157","","157",""
"Italy","Seychelles","1983","2","","2",""
"Italy","Somalia","1983","39","","39",""
"Italy","Spain","1983","2","","2",""
"Italy","Stateless","1983","32","","32",""
"Italy","Sudan","1983","2","","2",""
"Italy","Syrian Arab Rep.","1983","6","","6",""
"Italy","Tunisia","1983","5","","5",""
"Italy","Uganda","1983","16","","16",""
"Italy","United Rep. of Tanzania","1983","1","","1",""
"Italy","Uruguay","1983","25","","25",""
"Italy","Various","1983","1230","","1230",""
"Italy","Viet Nam","1983","2759","","2759",""
"Italy","Yemen","1983","1","","1",""
"Japan","Cambodia","1983","540","","540",""
"Japan","Lao People's Dem. Rep.","1983","580","","580",""
"Japan","Various","1983","150","","150",""
"Japan","Viet Nam","1983","3630","","3630",""
"Jordan","Afghanistan","1983","50","","50",""
"Jordan","Ethiopia","1983","100","","100",""
"Kenya","Ethiopia","1983","1670","","1670",""
"Kenya","Mozambique","1983","200","","200",""
"Kenya","Rwanda","1983","1570","","1570",""
"Kenya","Uganda","1983","2990","","2990",""
"Kenya","Various","1983","330","","330",""
"Kuwait","Ethiopia","1983","2220","","2220",""
"Lao People's Dem. Rep.","Cambodia","1983","1260","","1260",""
"Lebanon","Armenia","1983","300","","300",""
"Lebanon","Ethiopia","1983","1000","","1000",""
"Lebanon","Iraq","1983","1100","","1100",""
"Lebanon","Syrian Arab Rep.","1983","520","","520",""
"Lesotho","South Africa","1983","11500","","11500",""
"Liberia","Various","1983","90","","90",""
"Macao SAR, China","Viet Nam","1983","800","","800",""
"Malaysia","Cambodia","1983","620","","620",""
"Malaysia","Philippines","1983","100000","","100000",""
"Malaysia","Viet Nam","1983","10080","","10080",""
"Mexico","El Salvador","1983","120000","","120000",""
"Mexico","Guatemala","1983","40000","","40000",""
"Mexico","Various","1983","10000","","10000",""
"Morocco","Poland","1983","50","","50",""
"Morocco","Spain","1983","300","","300",""
"Morocco","Various","1983","190","","190",""
"Mozambique","Chile","1983","300","","300",""
"Mozambique","South Africa","1983","300","","300",""
"Mozambique","Various","1983","300","","300",""
"Nepal","Tibetans","1983","10800","","10800",""
"Netherlands","Various","1983","14500","","14500",""
"New Zealand","Various","1983","10600","","10600",""
"Nicaragua","El Salvador","1983","17500","","17500",""
"Nicaragua","Guatemala","1983","500","","500",""
"Nicaragua","Various","1983","500","","500",""
"Nigeria","Chad","1983","4000","","4000",""
"Nigeria","Ethiopia","1983","50","","50",""
"Nigeria","Ghana","1983","320","","320",""
"Nigeria","Islamic Rep. of Iran","1983","90","","90",""
"Nigeria","Namibia","1983","70","","70",""
"Nigeria","Various","1983","90","","90",""
"Norway","Various","1983","10000","","10000",""
"Pakistan","Afghanistan","1983","2900000","","2900000",""
"Pakistan","Islamic Rep. of Iran","1983","1360","","1360",""
"Panama","El Salvador","1983","1000","","1000",""
"Panama","Various","1983","500","","500",""
"Papua New Guinea","Indonesia","1983","1230","","1230",""
"Paraguay","Various","1983","50","","50",""
"Peru","Cuba","1983","360","","360",""
"Peru","Islamic Rep. of Iran","1983","60","","60",""
"Peru","Various","1983","180","","180",""
"Philippines","Cambodia","1983","9470","","9470",""
"Philippines","Islamic Rep. of Iran","1983","160","","160",""
"Philippines","Lao People's Dem. Rep.","1983","1490","","1490",""
"Philippines","Viet Nam","1983","7770","","7770",""
"Portugal","Various","1983","700","","700",""
"Qatar","Ethiopia","1983","200","","200",""
"Romania","Chile","1983","1000","","1000",""
"Rwanda","Burundi","1983","18500","","18500",""
"Rwanda","Uganda","1983","31000","","31000",""
"Saudi Arabia","Afghanistan","1983","2000","","2000",""
"Saudi Arabia","Ethiopia","1983","57000","","57000",""
"Senegal","Guinea-Bissau","1983","5000","","5000",""
"Senegal","Various","1983","140","","140",""
"Serbia (and Kosovo: S/RES/1244 (1999))","Albania","1983","1520","","1520",""
"Serbia (and Kosovo: S/RES/1244 (1999))","Chile","1983","100","","100",""
"Serbia (and Kosovo: S/RES/1244 (1999))","Various","1983","400","","400",""
"Sierra Leone","Namibia","1983","150","","150",""
"Singapore","Viet Nam","1983","290","","290",""
"Somalia","Ethiopia","1983","700000","","700000",""
"Spain","Various","1983","23700","","23700",""
"Sudan","Chad","1983","1000","","1000",""
"Sudan","Dem. Rep. of the Congo","1983","5000","","5000",""
"Sudan","Ethiopia","1983","484000","","484000",""
"Sudan","Uganda","1983","200000","","200000",""
"Swaziland","South Africa","1983","6230","","6230",""
"Sweden","Various","1983","43000","","43000",""
"Switzerland","Various","1983","32312","","32312",""
"Syrian Arab Rep.","Afghanistan","1983","3000","","3000",""
"Syrian Arab Rep.","Ethiopia","1983","600","","600",""
"Syrian Arab Rep.","Iraq","1983","600","","600",""
"Syrian Arab Rep.","Lebanon","1983","27180","","27180",""
"Syrian Arab Rep.","State of Palestine","1983","9110","","9110",""
"Thailand","Cambodia","1983","56610","","56610",""
"Thailand","Islamic Rep. of Iran","1983","100","","100",""
"Thailand","Lao People's Dem. Rep.","1983","78950","","78950",""
"Thailand","Various","1983","40","","40",""
"Thailand","Viet Nam","1983","8620","","8620",""
"Togo","Ghana","1983","1470","","1470",""
"Togo","Various","1983","300","","300",""
"Turkey","Afghanistan","1983","340","","340",""
"Turkey","Islamic Rep. of Iran","1983","790","","790",""
"Turkey","Romania","1983","70","","70",""
"Turkey","Various","1983","120","","120",""
"Uganda","Dem. Rep. of the Congo","1983","31350","","31350",""
"Uganda","Rwanda","1983","80320","","80320",""
"Uganda","Various","1983","21300","","21300",""
"United Arab Emirates","Afghanistan","1983","1500","","1500",""
"United Arab Emirates","Ethiopia","1983","1500","","1500",""
"United Arab Emirates","Islamic Rep. of Iran","1983","500","","500",""
"United Arab Emirates","Uganda","1983","90","","90",""
"United Arab Emirates","United Rep. of Tanzania","1983","500","","500",""
"United Kingdom","Various","1983","140000","","140000",""
"United Rep. of Tanzania","Burundi","1983","148050","","148050",""
"United Rep. of Tanzania","Dem. Rep. of the Congo","1983","15050","","15050",""
"United Rep. of Tanzania","South Africa","1983","6000","","6000",""
"United Rep. of Tanzania","Uganda","1983","10000","","10000",""
"United Rep. of Tanzania","Various","1983","1000","","1000",""
"United States","Various","1983","655532","","655532",""
"Uruguay","Various","1983","150","","150",""
"Various","Ethiopia","1983","70000","","70000",""
"Various","Various","1983","31080","","31080",""
"Venezuela (Bolivarian Republic of)","Cuba","1983","480","","480",""
"Venezuela (Bolivarian Republic of)","Haiti","1983","230","","230",""
"Venezuela (Bolivarian Republic of)","Various","1983","390","","390",""
"Viet Nam","Cambodia","1983","21070","","21070",""
"Yemen","Ethiopia","1983","3680","","3680",""
"Zambia","Angola","1983","83100","","83100",""
"Zambia","Dem. Rep. of the Congo","1983","10450","","10450",""
"Zambia","Malawi","1983","440","","440",""
"Zambia","Namibia","1983","4880","","4880",""
"Zambia","South Africa","1983","2940","","2940",""
"Zambia","Various","1983","1190","","1190",""
"Zimbabwe","Mozambique","1983","50000","","50000",""
"Zimbabwe","South Africa","1983","340","","340",""
"Zimbabwe","Various","1983","50","","50",""
"Algeria","Various","1982","2000","","2000",""
"Algeria","Western Sahara","1982","165000","","165000",""
"Angola","Dem. Rep. of the Congo","1982","20060","","20060",""
"Angola","Namibia","1982","70010","","70010",""
"Angola","South Africa","1982","6210","","6210",""
"Argentina","Various","1982","11500","","11500",""
"Australia","Various","1982","317000","","317000",""
"Austria","Various","1982","34963","","34963",""
"Belgium","Various","1982","21000","","21000",""
"Belize","El Salvador","1982","2000","","2000",""
"Belize","Various","1982","1120","","1120",""
"Botswana","Various","1982","1300","","1300",""
"Brazil","Various","1982","5400","","5400",""
"Burundi","Dem. Rep. of the Congo","1982","16750","","16750",""
"Burundi","Rwanda","1982","234590","","234590",""
"Burundi","Uganda","1982","1830","","1830",""
"Cameroon","Central African Rep.","1982","15000","","15000",""
"Cameroon","Chad","1982","3610","","3610",""
"Cameroon","Equatorial Guinea","1982","18000","","18000",""
"Cameroon","Namibia","1982","90","","90",""
"Cameroon","Various","1982","120","","120",""
"Canada","Various","1982","107591","","107591",""
"Central African Rep.","Chad","1982","7400","","7400",""
"Central African Rep.","Various","1982","50","","50",""
"Chile","Various","1982","2500","","2500",""
"China","Lao People's Dem. Rep.","1982","3750","","3750",""
"China","Viet Nam","1982","268350","","268350",""
"Colombia","Various","1982","150","","150",""
"Costa Rica","El Salvador","1982","10370","","10370",""
"Costa Rica","Guatemala","1982","300","","300",""
"Costa Rica","Nicaragua","1982","3000","","3000",""
"Costa Rica","Various","1982","2690","","2690",""
"Cuba","Various","1982","2000","","2000",""
"Dem. Rep. of the Congo","Angola","1982","393800","","393800",""
"Dem. Rep. of the Congo","Burundi","1982","10000","","10000",""
"Dem. Rep. of the Congo","Rwanda","1982","12000","","12000",""
"Dem. Rep. of the Congo","Uganda","1982","60000","","60000",""
"Dem. Rep. of the Congo","Various","1982","20600","","20600",""
"Dem. Rep. of the Congo","Zambia","1982","1200","","1200",""
"Denmark","Various","1982","1800","","1800",""
"Djibouti","Eritrea","1982","200","","200",""
"Djibouti","Ethiopia","1982","34000","","34000",""
"Dominican Rep.","Haiti","1982","5000","","5000",""
"Ecuador","Bolivia (Plurinational State of)","1982","70","","70",""
"Ecuador","Cuba","1982","50","","50",""
"Ecuador","Various","1982","560","","560",""
"Egypt","Armenia","1982","400","","400",""
"Egypt","Ethiopia","1982","4800","","4800",""
"Egypt","Various","1982","300","","300",""
"Ethiopia","Sudan","1982","5350","","5350",""
"Ethiopia","Various","1982","200","","200",""
"France","Various","1982","152223","","152223",""
"Gabon","Angola","1982","640","","640",""
"Germany","Various","1982","100000","","100000",""
"Ghana","Various","1982","100","","100",""
"Greece","Czech Rep.","1982","60","","60",""
"Greece","Greece","1982","300","","300",""
"Greece","Iraq","1982","1960","","1960",""
"Greece","Islamic Rep. of Iran","1982","320","","320",""
"Greece","Lebanon","1982","90","","90",""
"Greece","Poland","1982","80","","80",""
"Greece","Romania","1982","190","","190",""
"Greece","Turkey","1982","300","","300",""
"Greece","Various","1982","530","","530",""
"Greece","Viet Nam","1982","120","","120",""
"Guatemala","El Salvador","1982","70000","","70000",""
"Honduras","El Salvador","1982","15840","","15840",""
"Honduras","Guatemala","1982","580","","580",""
"Honduras","Nicaragua","1982","15750","","15750",""
"Hong Kong SAR, China","Viet Nam","1982","12620","","12620",""
"India","Afghanistan","1982","3430","","3430",""
"India","Islamic Rep. of Iran","1982","1480","","1480",""
"India","Various","1982","100","","100",""
"Indonesia","Cambodia","1982","2610","","2610",""
"Indonesia","Viet Nam","1982","10610","","10610",""
"Iraq","Eritrea","1982","1200","","1200",""
"Islamic Rep. of Iran","Afghanistan","1982","1600000","","1600000",""
"Islamic Rep. of Iran","Ethiopia","1982","60","","60",""
"Islamic Rep. of Iran","Iraq","1982","100000","","100000",""
"Italy","Afghanistan","1982","484","","484",""
"Italy","Albania","1982","75","","75",""
"Italy","Algeria","1982","3","","3",""
"Italy","Angola","1982","1","","1",""
"Italy","Argentina","1982","39","","39",""
"Italy","Armenia","1982","33","","33",""
"Italy","Bolivia (Plurinational State of)","1982","1","","1",""
"Italy","Brazil","1982","5","","5",""
"Italy","Bulgaria","1982","257","","257",""
"Italy","Burundi","1982","2","","2",""
"Italy","Cambodia","1982","178","","178",""
"Italy","Chile","1982","383","","383",""
"Italy","China","1982","24","","24",""
"Italy","Congo","1982","6","","6",""
"Italy","Cuba","1982","3","","3",""
"Italy","Czech Rep.","1982","434","","434",""
"Italy","Dem. Rep. of the Congo","1982","5","","5",""
"Italy","Dominican Rep.","1982","1","","1",""
"Italy","Egypt","1982","5","","5",""
"Italy","Equatorial Guinea","1982","1","","1",""
"Italy","Eritrea","1982","185","","185",""
"Italy","Ethiopia","1982","455","","455",""
"Italy","Ghana","1982","2","","2",""
"Italy","Guinea-Bissau","1982","2","","2",""
"Italy","Hungary","1982","728","","728",""
"Italy","Iraq","1982","196","","196",""
"Italy","Islamic Rep. of Iran","1982","210","","210",""
"Italy","Lao People's Dem. Rep.","1982","108","","108",""
"Italy","Libya","1982","259","","259",""
"Italy","Lithuania","1982","1","","1",""
"Italy","Pakistan","1982","1","","1",""
"Italy","Poland","1982","635","","635",""
"Italy","Romania","1982","967","","967",""
"Italy","Russian Federation","1982","11569","","11569",""
"Italy","Rwanda","1982","1","","1",""
"Italy","Serbia (and Kosovo: S/RES/1244 (1999))","1982","177","","177",""
"Italy","Somalia","1982","38","","38",""
"Italy","Spain","1982","2","","2",""
"Italy","Stateless","1982","32","","32",""
"Italy","Sudan","1982","2","","2",""
"Italy","Syrian Arab Rep.","1982","4","","4",""
"Italy","Tunisia","1982","2","","2",""
"Italy","Uganda","1982","15","","15",""
"Italy","United Rep. of Tanzania","1982","1","","1",""
"Italy","Uruguay","1982","25","","25",""
"Italy","Various","1982","2750","","2750",""
"Italy","Viet Nam","1982","2573","","2573",""
"Italy","Yemen","1982","1","","1",""
"Japan","Cambodia","1982","370","","370",""
"Japan","China","1982","80","","80",""
"Japan","Lao People's Dem. Rep.","1982","610","","610",""
"Japan","Various","1982","100","","100",""
"Japan","Viet Nam","1982","3230","","3230",""
"Jordan","Ethiopia","1982","100","","100",""
"Kenya","Ethiopia","1982","1580","","1580",""
"Kenya","Mozambique","1982","200","","200",""
"Kenya","Rwanda","1982","1360","","1360",""
"Kenya","Somalia","1982","80","","80",""
"Kenya","South Africa","1982","130","","130",""
"Kenya","Uganda","1982","1350","","1350",""
"Kenya","Various","1982","60","","60",""
"Kuwait","Ethiopia","1982","2220","","2220",""
"Lao People's Dem. Rep.","Cambodia","1982","3500","","3500",""
"Lebanon","Armenia","1982","300","","300",""
"Lebanon","Ethiopia","1982","1000","","1000",""
"Lebanon","Iraq","1982","1000","","1000",""
"Lebanon","Syrian Arab Rep.","1982","500","","500",""
"Lesotho","South Africa","1982","11500","","11500",""
"Macao SAR, China","Viet Nam","1982","970","","970",""
"Malaysia","Cambodia","1982","800","","800",""
"Malaysia","Philippines","1982","90000","","90000",""
"Malaysia","Viet Nam","1982","8440","","8440",""
"Mexico","Argentina","1982","980","","980",""
"Mexico","Bolivia (Plurinational State of)","1982","120","","120",""
"Mexico","Chile","1982","1000","","1000",""
"Mexico","Colombia","1982","100","","100",""
"Mexico","El Salvador","1982","120000","","120000",""
"Mexico","Guatemala","1982","35050","","35050",""
"Mexico","Uruguay","1982","500","","500",""
"Mexico","Various","1982","10000","","10000",""
"Morocco","Poland","1982","60","","60",""
"Morocco","Spain","1982","50","","50",""
"Morocco","Various","1982","400","","400",""
"Mozambique","South Africa","1982","130","","130",""
"Nepal","Tibetans","1982","9800","","9800",""
"Netherlands","Various","1982","14000","","14000",""
"New Zealand","Various","1982","10600","","10600",""
"Nicaragua","El Salvador","1982","22740","","22740",""
"Nicaragua","Guatemala","1982","560","","560",""
"Nicaragua","Various","1982","500","","500",""
"Nigeria","Chad","1982","4000","","4000",""
"Nigeria","Ghana","1982","110","","110",""
"Nigeria","Islamic Rep. of Iran","1982","80","","80",""
"Nigeria","Namibia","1982","50","","50",""
"Nigeria","Various","1982","1000","","1000",""
"Norway","Various","1982","6000","","6000",""
"Pakistan","Afghanistan","1982","2877480","","2877480",""
"Panama","El Salvador","1982","1450","","1450",""
"Panama","Nicaragua","1982","220","","220",""
"Panama","Various","1982","150","","150",""
"Papua New Guinea","Indonesia","1982","2200","","2200",""
"Paraguay","Various","1982","50","","50",""
"Peru","Cuba","1982","390","","390",""
"Peru","Islamic Rep. of Iran","1982","50","","50",""
"Peru","Various","1982","760","","760",""
"Philippines","Cambodia","1982","6030","","6030",""
"Philippines","Islamic Rep. of Iran","1982","170","","170",""
"Philippines","Lao People's Dem. Rep.","1982","60","","60",""
"Philippines","Viet Nam","1982","8980","","8980",""
"Portugal","Various","1982","7600","","7600",""
"Qatar","Ethiopia","1982","200","","200",""
"Rep. of Korea","Viet Nam","1982","70","","70",""
"Romania","Chile","1982","1000","","1000",""
"Rwanda","Burundi","1982","18000","","18000",""
"Rwanda","Uganda","1982","38000","","38000",""
"Rwanda","Various","1982","6000","","6000",""
"Saudi Arabia","Afghanistan","1982","2000","","2000",""
"Saudi Arabia","Ethiopia","1982","57000","","57000",""
"Senegal","Guinea","1982","50","","50",""
"Senegal","Guinea-Bissau","1982","5000","","5000",""
"Senegal","Various","1982","200","","200",""
"Serbia (and Kosovo: S/RES/1244 (1999))","Albania","1982","1570","","1570",""
"Serbia (and Kosovo: S/RES/1244 (1999))","Chile","1982","100","","100",""
"Serbia (and Kosovo: S/RES/1244 (1999))","Various","1982","360","","360",""
"Sierra Leone","Namibia","1982","120","","120",""
"Singapore","Viet Nam","1982","480","","480",""
"Somalia","Ethiopia","1982","700000","","700000",""
"Spain","Various","1982","23500","","23500",""
"Sudan","Chad","1982","2000","","2000",""
"Sudan","Dem. Rep. of the Congo","1982","5000","","5000",""
"Sudan","Ethiopia","1982","460000","","460000",""
"Sudan","Uganda","1982","170000","","170000",""
"Swaziland","South Africa","1982","7000","","7000",""
"Swaziland","Various","1982","350","","350",""
"Sweden","Various","1982","20000","","20000",""
"Switzerland","Various","1982","33404","","33404",""
"Syrian Arab Rep.","Afghanistan","1982","3000","","3000",""
"Syrian Arab Rep.","Ethiopia","1982","600","","600",""
"Syrian Arab Rep.","Iraq","1982","610","","610",""
"Syrian Arab Rep.","Lebanon","1982","12500","","12500",""
"Syrian Arab Rep.","State of Palestine","1982","9800","","9800",""
"Syrian Arab Rep.","Various","1982","60","","60",""
"Thailand","Cambodia","1982","83950","","83950",""
"Thailand","Islamic Rep. of Iran","1982","70","","70",""
"Thailand","Lao People's Dem. Rep.","1982","76060","","76060",""
"Thailand","Viet Nam","1982","8900","","8900",""
"Togo","Ghana","1982","200","","200",""
"Turkey","Afghanistan","1982","320","","320",""
"Turkey","Various","1982","1350","","1350",""
"Uganda","Dem. Rep. of the Congo","1982","32000","","32000",""
"Uganda","Rwanda","1982","80000","","80000",""
"Uganda","Various","1982","1000","","1000",""
"United Arab Emirates","Afghanistan","1982","1500","","1500",""
"United Arab Emirates","Ethiopia","1982","1500","","1500",""
"United Arab Emirates","Islamic Rep. of Iran","1982","100","","100",""
"United Arab Emirates","Uganda","1982","90","","90",""
"United Arab Emirates","United Rep. of Tanzania","1982","500","","500",""
"United Kingdom","Various","1982","143000","","143000",""
"United Rep. of Tanzania","Burundi","1982","148270","","148270",""
"United Rep. of Tanzania","Dem. Rep. of the Congo","1982","9650","","9650",""
"United Rep. of Tanzania","Malawi","1982","240","","240",""
"United Rep. of Tanzania","South Africa","1982","510","","510",""
"United Rep. of Tanzania","Various","1982","290","","290",""
"United States","Various","1982","620257","","620257",""
"Uruguay","Various","1982","60","","60",""
"Various","Ethiopia","1982","70000","","70000",""
"Various","Various","1982","31050","","31050",""
"Venezuela (Bolivarian Republic of)","Bolivia (Plurinational State of)","1982","80","","80",""
"Venezuela (Bolivarian Republic of)","Cuba","1982","210","","210",""
"Venezuela (Bolivarian Republic of)","Various","1982","560","","560",""
"Viet Nam","Cambodia","1982","25960","","25960",""
"Yemen","Ethiopia","1982","1400","","1400",""
"Zambia","Angola","1982","71450","","71450",""
"Zambia","Dem. Rep. of the Congo","1982","8990","","8990",""
"Zambia","Namibia","1982","4900","","4900",""
"Zambia","South Africa","1982","2810","","2810",""
"Zambia","Various","1982","960","","960",""
"Zimbabwe","Mozambique","1982","20000","","20000",""
"Zimbabwe","South Africa","1982","140","","140",""
"Zimbabwe","Various","1982","60","","60",""
"Algeria","Various","1981","2000","","2000",""
"Algeria","Western Sahara","1981","165000","","165000",""
"Angola","Dem. Rep. of the Congo","1981","16700","","16700",""
"Angola","Namibia","1981","70000","","70000",""
"Angola","South Africa","1981","5000","","5000",""
"Argentina","Various","1981","26500","","26500",""
"Australia","Various","1981","317000","","317000",""
"Austria","Various","1981","17899","","17899",""
"Belgium","Various","1981","35000","","35000",""
"Belize","El Salvador","1981","7000","","7000",""
"Bolivia (Plurinational State of)","Various","1981","500","","500",""
"Botswana","Angola","1981","530","","530",""
"Botswana","Lesotho","1981","80","","80",""
"Botswana","Namibia","1981","130","","130",""
"Botswana","South Africa","1981","360","","360",""
"Botswana","Zimbabwe","1981","190","","190",""
"Brazil","Various","1981","24000","","24000",""
"Burundi","Dem. Rep. of the Congo","1981","51090","","51090",""
"Burundi","Rwanda","1981","183170","","183170",""
"Burundi","Uganda","1981","330","","330",""
"Cameroon","Chad","1981","136690","","136690",""
"Cameroon","Equatorial Guinea","1981","18000","","18000",""
"Cameroon","Namibia","1981","90","","90",""
"Cameroon","Various","1981","17930","","17930",""
"Canada","Various","1981","96415","","96415",""
"Central African Rep.","Chad","1981","4000","","4000",""
"Chile","Various","1981","1500","","1500",""
"China","Viet Nam","1981","265000","","265000",""
"Colombia","Various","1981","1800","","1800",""
"Costa Rica","Cuba","1981","2700","","2700",""
"Costa Rica","El Salvador","1981","10000","","10000",""
"Costa Rica","Guatemala","1981","300","","300",""
"Costa Rica","Nicaragua","1981","2000","","2000",""
"Cuba","Various","1981","2000","","2000",""
"Dem. Rep. of the Congo","Angola","1981","427000","","427000",""
"Dem. Rep. of the Congo","Burundi","1981","11300","","11300",""
"Dem. Rep. of the Congo","Rwanda","1981","12040","","12040",""
"Dem. Rep. of the Congo","Uganda","1981","125000","","125000",""
"Dem. Rep. of the Congo","Various","1981","200","","200",""
"Dem. Rep. of the Congo","Zambia","1981","1200","","1200",""
"Denmark","Various","1981","1800","","1800",""
"Djibouti","Eritrea","1981","200","","200",""
"Djibouti","Ethiopia","1981","31600","","31600",""
"Dominican Rep.","Haiti","1981","5000","","5000",""
"Ecuador","Bolivia (Plurinational State of)","1981","100","","100",""
"Ecuador","Chile","1981","390","","390",""
"Ecuador","Colombia","1981","50","","50",""
"Ecuador","Various","1981","100","","100",""
"Egypt","Various","1981","1580","","1580",""
"Ethiopia","Sudan","1981","5350","","5350",""
"Ethiopia","Various","1981","100","","100",""
"France","Various","1981","125597","","125597",""
"Gabon","Angola","1981","400","","400",""
"Germany","Various","1981","100000","","100000",""
"Greece","Greece","1981","320","","320",""
"Greece","Various","1981","3670","","3670",""
"Guatemala","El Salvador","1981","100000","","100000",""
"Guinea-Bissau","Dem. Rep. of the Congo","1981","110","","110",""
"Honduras","El Salvador","1981","26000","","26000",""
"Honduras","Guatemala","1981","1500","","1500",""
"Honduras","Nicaragua","1981","500","","500",""
"Hong Kong SAR, China","Viet Nam","1981","13540","","13540",""
"India","Afghanistan","1981","2690","","2690",""
"India","Islamic Rep. of Iran","1981","720","","720",""
"India","Various","1981","100","","100",""
"Indonesia","Various","1981","8700","","8700",""
"Indonesia","Viet Nam","1981","6200","","6200",""
"Iraq","Eritrea","1981","1200","","1200",""
"Islamic Rep. of Iran","Afghanistan","1981","1500000","","1500000",""
"Islamic Rep. of Iran","Iraq","1981","65000","","65000",""
"Italy","Afghanistan","1981","464","","464",""
"Italy","Albania","1981","70","","70",""
"Italy","Algeria","1981","3","","3",""
"Italy","Argentina","1981","38","","38",""
"Italy","Armenia","1981","33","","33",""
"Italy","Bolivia (Plurinational State of)","1981","1","","1",""
"Italy","Brazil","1981","5","","5",""
"Italy","Bulgaria","1981","274","","274",""
"Italy","Burundi","1981","2","","2",""
"Italy","Cambodia","1981","157","","157",""
"Italy","Chile","1981","375","","375",""
"Italy","China","1981","24","","24",""
"Italy","Congo","1981","6","","6",""
"Italy","Cuba","1981","3","","3",""
"Italy","Czech Rep.","1981","389","","389",""
"Italy","Dominican Rep.","1981","1","","1",""
"Italy","Egypt","1981","4","","4",""
"Italy","Equatorial Guinea","1981","1","","1",""
"Italy","Eritrea","1981","142","","142",""
"Italy","Ethiopia","1981","376","","376",""
"Italy","Ghana","1981","2","","2",""
"Italy","Guinea-Bissau","1981","2","","2",""
"Italy","Hungary","1981","744","","744",""
"Italy","Iraq","1981","189","","189",""
"Italy","Islamic Rep. of Iran","1981","83","","83",""
"Italy","Lao People's Dem. Rep.","1981","100","","100",""
"Italy","Libya","1981","226","","226",""
"Italy","Lithuania","1981","1","","1",""
"Italy","Poland","1981","505","","505",""
"Italy","Romania","1981","854","","854",""
"Italy","Russian Federation","1981","11562","","11562",""
"Italy","Rwanda","1981","1","","1",""
"Italy","Serbia (and Kosovo: S/RES/1244 (1999))","1981","214","","214",""
"Italy","Somalia","1981","34","","34",""
"Italy","Spain","1981","3","","3",""
"Italy","Stateless","1981","29","","29",""
"Italy","Sudan","1981","2","","2",""
"Italy","Syrian Arab Rep.","1981","4","","4",""
"Italy","Tunisia","1981","2","","2",""
"Italy","Uganda","1981","11","","11",""
"Italy","United Rep. of Tanzania","1981","1","","1",""
"Italy","Uruguay","1981","24","","24",""
"Italy","Various","1981","3180","","3180",""
"Italy","Viet Nam","1981","2468","","2468",""
"Italy","Yemen","1981","1","","1",""
"Japan","Cambodia","1981","220","","220",""
"Japan","Lao People's Dem. Rep.","1981","500","","500",""
"Japan","Viet Nam","1981","1800","","1800",""
"Jordan","Ethiopia","1981","80","","80",""
"Kenya","Ethiopia","1981","1430","","1430",""
"Kenya","Mozambique","1981","170","","170",""
"Kenya","Rwanda","1981","1090","","1090",""
"Kenya","South Africa","1981","110","","110",""
"Kenya","Uganda","1981","510","","510",""
"Kenya","Various","1981","70","","70",""
"Kuwait","Ethiopia","1981","2000","","2000",""
"Lao People's Dem. Rep.","Cambodia","1981","3500","","3500",""
"Lebanon","Armenia","1981","300","","300",""
"Lebanon","Ethiopia","1981","1000","","1000",""
"Lebanon","Iraq","1981","1000","","1000",""
"Lebanon","Syrian Arab Rep.","1981","500","","500",""
"Lebanon","Various","1981","400","","400",""
"Lesotho","South Africa","1981","11500","","11500",""
"Macao SAR, China","Viet Nam","1981","1200","","1200",""
"Malaysia","Cambodia","1981","3400","","3400",""
"Malaysia","Philippines","1981","90000","","90000",""
"Malaysia","Viet Nam","1981","9850","","9850",""
"Mexico","El Salvador","1981","140000","","140000",""
"Mexico","Various","1981","10000","","10000",""
"Morocco","Various","1981","500","","500",""
"Mozambique","Various","1981","100","","100",""
"Nepal","Tibetans","1981","8800","","8800",""
"Netherlands","Various","1981","13000","","13000",""
"New Zealand","Various","1981","10600","","10600",""
"Nicaragua","El Salvador","1981","20810","","20810",""
"Nicaragua","Guatemala","1981","110","","110",""
"Nicaragua","Various","1981","400","","400",""
"Nigeria","Chad","1981","84570","","84570",""
"Nigeria","Various","1981","5000","","5000",""
"Norway","Various","1981","6000","","6000",""
"Pakistan","Afghanistan","1981","2375330","","2375330",""
"Panama","El Salvador","1981","1000","","1000",""
"Panama","Various","1981","500","","500",""
"Papua New Guinea","Indonesia","1981","150","","150",""
"Paraguay","Various","1981","800","","800",""
"Peru","Various","1981","1500","","1500",""
"Philippines","Various","1981","16680","","16680",""
"Philippines","Viet Nam","1981","6630","","6630",""
"Portugal","Various","1981","7600","","7600",""
"Qatar","Ethiopia","1981","200","","200",""
"Rep. of Korea","Viet Nam","1981","60","","60",""
"Romania","Chile","1981","1000","","1000",""
"Rwanda","Burundi","1981","17950","","17950",""
"Rwanda","Uganda","1981","200","","200",""
"Saudi Arabia","Ethiopia","1981","65000","","65000",""
"Senegal","Guinea-Bissau","1981","4000","","4000",""
"Serbia (and Kosovo: S/RES/1244 (1999))","Albania","1981","1610","","1610",""
"Serbia (and Kosovo: S/RES/1244 (1999))","Chile","1981","120","","120",""
"Serbia (and Kosovo: S/RES/1244 (1999))","Various","1981","190","","190",""
"Somalia","Ethiopia","1981","700000","","700000",""
"Spain","Various","1981","21500","","21500",""
"Sudan","Chad","1981","9000","","9000",""
"Sudan","Dem. Rep. of the Congo","1981","5000","","5000",""
"Sudan","Ethiopia","1981","488450","","488450",""
"Sudan","Uganda","1981","50550","","50550",""
"Swaziland","South Africa","1981","5610","","5610",""
"Sweden","Various","1981","20000","","20000",""
"Switzerland","Various","1981","40000","","40000",""
"Syrian Arab Rep.","Ethiopia","1981","600","","600",""
"Syrian Arab Rep.","Iraq","1981","400","","400",""
"Syrian Arab Rep.","Various","1981","50","","50",""
"Thailand","Cambodia","1981","97800","","97800",""
"Thailand","Lao People's Dem. Rep.","1981","89390","","89390",""
"Thailand","Viet Nam","1981","5800","","5800",""
"Turkey","Various","1981","1180","","1180",""
"Uganda","Dem. Rep. of the Congo","1981","32000","","32000",""
"Uganda","Rwanda","1981","80000","","80000",""
"Uganda","Various","1981","1000","","1000",""
"United Arab Emirates","Afghanistan","1981","1500","","1500",""
"United Arab Emirates","Ethiopia","1981","1500","","1500",""
"United Arab Emirates","Uganda","1981","90","","90",""
"United Arab Emirates","United Rep. of Tanzania","1981","3000","","3000",""
"United Kingdom","Various","1981","146000","","146000",""
"United Rep. of Tanzania","Burundi","1981","153700","","153700",""
"United Rep. of Tanzania","Dem. Rep. of the Congo","1981","9360","","9360",""
"United Rep. of Tanzania","Malawi","1981","70","","70",""
"United Rep. of Tanzania","Rwanda","1981","710","","710",""
"United Rep. of Tanzania","South Africa","1981","60","","60",""
"United Rep. of Tanzania","Various","1981","280","","280",""
"United States","Various","1981","537375","","537375",""
"Uruguay","Various","1981","1700","","1700",""
"Various","Ethiopia","1981","70000","","70000",""
"Various","Various","1981","33130","","33130",""
"Venezuela (Bolivarian Republic of)","Various","1981","17000","","17000",""
"Viet Nam","Cambodia","1981","30000","","30000",""
"Yemen","Ethiopia","1981","1030","","1030",""
"Zambia","Angola","1981","29130","","29130",""
"Zambia","Dem. Rep. of the Congo","1981","4710","","4710",""
"Zambia","Namibia","1981","4300","","4300",""
"Zambia","South Africa","1981","2160","","2160",""
"Zambia","Various","1981","260","","260",""
"Zimbabwe","Mozambique","1981","5000","","5000",""
"Zimbabwe","South Africa","1981","100","","100",""
"Algeria","Various","1980","2000","","2000",""
"Algeria","Western Sahara","1980","50000","","50000",""
"Angola","Dem. Rep. of the Congo","1980","20000","","20000",""
"Angola","Namibia","1980","50000","","50000",""
"Angola","South Africa","1980","5000","","5000",""
"Argentina","Various","1980","26460","","26460",""
"Australia","Various","1980","304000","","304000",""
"Austria","Various","1980","15525","","15525",""
"Belgium","Various","1980","33000","","33000",""
"Belize","El Salvador","1980","4000","","4000",""
"Bolivia (Plurinational State of)","Various","1980","500","","500",""
"Botswana","Angola","1980","330","","330",""
"Botswana","Lesotho","1980","70","","70",""
"Botswana","Namibia","1980","120","","120",""
"Botswana","South Africa","1980","300","","300",""
"Botswana","Various","1980","320","","320",""
"Botswana","Zimbabwe","1980","160","","160",""
"Brazil","Various","1980","24000","","24000",""
"Burundi","Dem. Rep. of the Congo","1980","50750","","50750",""
"Burundi","Rwanda","1980","183810","","183810",""
"Cameroon","Chad","1980","110000","","110000",""
"Cameroon","Equatorial Guinea","1980","18000","","18000",""
"Canada","Various","1980","92679","","92679",""
"Central African Rep.","Chad","1980","7000","","7000",""
"Chile","Various","1980","1500","","1500",""
"China","Viet Nam","1980","263000","","263000",""
"Colombia","Various","1980","2000","","2000",""
"Costa Rica","Cuba","1980","700","","700",""
"Costa Rica","El Salvador","1980","7500","","7500",""
"Costa Rica","Guatemala","1980","750","","750",""
"Costa Rica","Nicaragua","1980","960","","960",""
"Costa Rica","Various","1980","150","","150",""
"Cuba","Various","1980","2970","","2970",""
"Dem. Rep. of the Congo","Angola","1980","426700","","426700",""
"Dem. Rep. of the Congo","Burundi","1980","11000","","11000",""
"Dem. Rep. of the Congo","Rwanda","1980","22000","","22000",""
"Dem. Rep. of the Congo","Uganda","1980","150000","","150000",""
"Dem. Rep. of the Congo","Various","1980","200","","200",""
"Dem. Rep. of the Congo","Zambia","1980","1210","","1210",""
"Denmark","Various","1980","1800","","1800",""
"Djibouti","Ethiopia","1980","45310","","45310",""
"Dominican Rep.","Haiti","1980","3800","","3800",""
"Ecuador","Various","1980","700","","700",""
"Egypt","Ethiopia","1980","850","","850",""
"Egypt","Various","1980","590","","590",""
"El Salvador","Various","1980","390","","390",""
"Ethiopia","Sudan","1980","10850","","10850",""
"Ethiopia","Various","1980","80","","80",""
"France","Various","1980","121958","","121958",""
"Gabon","Equatorial Guinea","1980","20000","","20000",""
"Germany","Various","1980","94000","","94000",""
"Greece","Greece","1980","340","","340",""
"Greece","Various","1980","3410","","3410",""
"Guatemala","El Salvador","1980","4130","","4130",""
"Honduras","El Salvador","1980","25000","","25000",""
"Hong Kong SAR, China","Viet Nam","1980","24070","","24070",""
"Indonesia","Viet Nam","1980","8460","","8460",""
"Iraq","Eritrea","1980","400","","400",""
"Islamic Rep. of Iran","Afghanistan","1980","300000","","300000",""
"Islamic Rep. of Iran","Iraq","1980","30000","","30000",""
"Italy","Afghanistan","1980","191","","191",""
"Italy","Albania","1980","71","","71",""
"Italy","Algeria","1980","2","","2",""
"Italy","Argentina","1980","38","","38",""
"Italy","Armenia","1980","33","","33",""
"Italy","Brazil","1980","5","","5",""
"Italy","Bulgaria","1980","329","","329",""
"Italy","Burundi","1980","2","","2",""
"Italy","Cambodia","1980","103","","103",""
"Italy","Chile","1980","375","","375",""
"Italy","China","1980","24","","24",""
"Italy","Congo","1980","6","","6",""
"Italy","Cuba","1980","3","","3",""
"Italy","Czech Rep.","1980","393","","393",""
"Italy","Dominican Rep.","1980","1","","1",""
"Italy","Egypt","1980","2","","2",""
"Italy","Equatorial Guinea","1980","1","","1",""
"Italy","Eritrea","1980","142","","142",""
"Italy","Ethiopia","1980","218","","218",""
"Italy","Ghana","1980","2","","2",""
"Italy","Guinea-Bissau","1980","2","","2",""
"Italy","Hungary","1980","763","","763",""
"Italy","Iraq","1980","98","","98",""
"Italy","Islamic Rep. of Iran","1980","48","","48",""
"Italy","Lao People's Dem. Rep.","1980","96","","96",""
"Italy","Libya","1980","205","","205",""
"Italy","Lithuania","1980","1","","1",""
"Italy","Poland","1980","421","","421",""
"Italy","Romania","1980","772","","772",""
"Italy","Russian Federation","1980","10821","","10821",""
"Italy","Rwanda","1980","1","","1",""
"Italy","Serbia (and Kosovo: S/RES/1244 (1999))","1980","270","","270",""
"Italy","Somalia","1980","34","","34",""
"Italy","Spain","1980","5","","5",""
"Italy","Stateless","1980","8","","8",""
"Italy","Sudan","1980","2","","2",""
"Italy","Syrian Arab Rep.","1980","2","","2",""
"Italy","Tunisia","1980","2","","2",""
"Italy","Uganda","1980","11","","11",""
"Italy","United Rep. of Tanzania","1980","1","","1",""
"Italy","Uruguay","1980","24","","24",""
"Italy","Various","1980","3604","","3604",""
"Italy","Viet Nam","1980","2418","","2418",""
"Italy","Yemen","1980","1","","1",""
"Japan","Cambodia","1980","90","","90",""
"Japan","Lao People's Dem. Rep.","1980","220","","220",""
"Japan","Viet Nam","1980","2080","","2080",""
"Jordan","Ethiopia","1980","60","","60",""
"Kenya","Ethiopia","1980","1460","","1460",""
"Kenya","Mozambique","1980","120","","120",""
"Kenya","Rwanda","1980","840","","840",""
"Kenya","Somalia","1980","100","","100",""
"Kenya","South Africa","1980","80","","80",""
"Kenya","Uganda","1980","840","","840",""
"Kenya","Various","1980","70","","70",""
"Kuwait","Ethiopia","1980","5000","","5000",""
"Lao People's Dem. Rep.","Cambodia","1980","10370","","10370",""
"Lebanon","Armenia","1980","300","","300",""
"Lebanon","Ethiopia","1980","1400","","1400",""
"Lebanon","Iraq","1980","1000","","1000",""
"Lebanon","Syrian Arab Rep.","1980","500","","500",""
"Lebanon","Various","1980","1800","","1800",""
"Lesotho","South Africa","1980","10000","","10000",""
"Macao SAR, China","Viet Nam","1980","2920","","2920",""
"Malaysia","Cambodia","1980","1880","","1880",""
"Malaysia","Philippines","1980","90000","","90000",""
"Malaysia","Viet Nam","1980","12160","","12160",""
"Mexico","El Salvador","1980","44000","","44000",""
"Morocco","Poland","1980","50","","50",""
"Morocco","Various","1980","290","","290",""
"Mozambique","Various","1980","100","","100",""
"Nepal","Tibetans","1980","8700","","8700",""
"Netherlands","Various","1980","12000","","12000",""
"New Zealand","Various","1980","10000","","10000",""
"Nicaragua","El Salvador","1980","4000","","4000",""
"Nicaragua","Various","1980","100","","100",""
"Nigeria","Chad","1980","100000","","100000",""
"Norway","Various","1980","6000","","6000",""
"Pakistan","Afghanistan","1980","1428230","","1428230",""
"Panama","El Salvador","1980","3000","","3000",""
"Panama","Various","1980","320","","320",""
"Papua New Guinea","Indonesia","1980","1000","","1000",""
"Paraguay","Various","1980","800","","800",""
"Peru","Bolivia (Plurinational State of)","1980","170","","170",""
"Peru","Cuba","1980","490","","490",""
"Peru","Various","1980","800","","800",""
"Philippines","Viet Nam","1980","20300","","20300",""
"Portugal","Various","1980","7600","","7600",""
"Qatar","Ethiopia","1980","200","","200",""
"Romania","Chile","1980","1000","","1000",""
"Rwanda","Burundi","1980","10150","","10150",""
"Rwanda","Uganda","1980","300","","300",""
"Saudi Arabia","Ethiopia","1980","100000","","100000",""
"Senegal","Guinea-Bissau","1980","5000","","5000",""
"Serbia (and Kosovo: S/RES/1244 (1999))","Albania","1980","1610","","1610",""
"Serbia (and Kosovo: S/RES/1244 (1999))","Chile","1980","130","","130",""
"Serbia (and Kosovo: S/RES/1244 (1999))","Various","1980","230","","230",""
"Somalia","Ethiopia","1980","2000000","","2000000",""
"Spain","Cuba","1980","500","","500",""
"Spain","Various","1980","21000","","21000",""
"Sudan","Chad","1980","4000","","4000",""
"Sudan","Dem. Rep. of the Congo","1980","5000","","5000",""
"Sudan","Ethiopia","1980","411000","","411000",""
"Sudan","Uganda","1980","73000","","73000",""
"Swaziland","South Africa","1980","5170","","5170",""
"Swaziland","Various","1980","300","","300",""
"Sweden","Various","1980","20000","","20000",""
"Switzerland","Various","1980","32000","","32000",""
"Syrian Arab Rep.","Ethiopia","1980","350","","350",""
"Thailand","Cambodia","1980","147400","","147400",""
"Thailand","Lao People's Dem. Rep.","1980","104940","","104940",""
"Thailand","Viet Nam","1980","9020","","9020",""
"Turkey","Afghanistan","1980","5000","","5000",""
"Turkey","Various","1980","1100","","1100",""
"Uganda","Dem. Rep. of the Congo","1980","32000","","32000",""
"Uganda","Ethiopia","1980","1000","","1000",""
"Uganda","Rwanda","1980","80000","","80000",""
"United Arab Emirates","Afghanistan","1980","1500","","1500",""
"United Arab Emirates","Ethiopia","1980","600","","600",""
"United Arab Emirates","Uganda","1980","90","","90",""
"United Arab Emirates","United Rep. of Tanzania","1980","300","","300",""
"United Kingdom","Various","1980","148000","","148000",""
"United Rep. of Tanzania","Burundi","1980","148620","","148620",""
"United Rep. of Tanzania","Dem. Rep. of the Congo","1980","4000","","4000",""
"United Rep. of Tanzania","Malawi","1980","70","","70",""
"United Rep. of Tanzania","South Africa","1980","150","","150",""
"United Rep. of Tanzania","Various","1980","6770","","6770",""
"United States","Various","1980","403684","","403684",""
"Uruguay","Various","1980","1700","","1700",""
"Various","Various","1980","165150","","165150",""
"Various","Viet Nam","1980","2500","","2500",""
"Venezuela (Bolivarian Republic of)","Various","1980","17800","","17800",""
"Viet Nam","Cambodia","1980","33000","","33000",""
"Yemen","Ethiopia","1980","550","","550",""
"Yemen","Yemen","1980","15000","","15000",""
"Zambia","Angola","1980","22000","","22000",""
"Zambia","Dem. Rep. of the Congo","1980","5000","","5000",""
"Zambia","Malawi","1980","350","","350",""
"Zambia","Namibia","1980","5500","","5500",""
"Zambia","South Africa","1980","3500","","3500",""
"Zambia","Uganda","1980","60","","60",""
"Zimbabwe","South Africa","1980","50","","50",""
"Algeria","Chile","1979","2000","","2000",""
"Algeria","Western Sahara","1979","50000","","50000",""
"Angola","Dem. Rep. of the Congo","1979","30000","","30000",""
"Angola","Namibia","1979","35000","","35000",""
"Angola","South Africa","1979","1000","","1000",""
"Argentina","Various","1979","27050","","27050",""
"Australia","Various","1979","304000","","304000",""
"Austria","Various","1979","25000","","25000",""
"Belgium","Various","1979","32000","","32000",""
"Bolivia (Plurinational State of)","Various","1979","500","","500",""
"Botswana","Angola","1979","280","","280",""
"Botswana","Lesotho","1979","160","","160",""
"Botswana","South Africa","1979","320","","320",""
"Botswana","Zimbabwe","1979","22530","","22530",""
"Brazil","Various","1979","25000","","25000",""
"Burundi","Dem. Rep. of the Congo","1979","1010","","1010",""
"Burundi","Rwanda","1979","49480","","49480",""
"Cameroon","Chad","1979","8000","","8000",""
"Cameroon","Equatorial Guinea","1979","10000","","10000",""
"Cameroon","Various","1979","1990","","1990",""
"Canada","Various","1979","57913","","57913",""
"Central African Rep.","Chad","1979","1000","","1000",""
"Chile","Various","1979","2000","","2000",""
"China","Viet Nam","1979","250000","","250000",""
"Colombia","Various","1979","2000","","2000",""
"Costa Rica","Cuba","1979","3560","","3560",""
"Costa Rica","Nicaragua","1979","15050","","15050",""
"Cuba","Various","1979","3060","","3060",""
"Dem. Rep. of the Congo","Angola","1979","626700","","626700",""
"Dem. Rep. of the Congo","Burundi","1979","11000","","11000",""
"Dem. Rep. of the Congo","Rwanda","1979","22000","","22000",""
"Dem. Rep. of the Congo","Uganda","1979","49780","","49780",""
"Dem. Rep. of the Congo","Zambia","1979","1000","","1000",""
"Denmark","Various","1979","1800","","1800",""
"Djibouti","Ethiopia","1979","28800","","28800",""
"Dominican Rep.","Haiti","1979","3300","","3300",""
"Ecuador","Various","1979","600","","600",""
"Egypt","Armenia","1979","400","","400",""
"Egypt","Ethiopia","1979","720","","720",""
"Egypt","Turkey","1979","60","","60",""
"Egypt","Various","1979","3670","","3670",""
"Ethiopia","Sudan","1979","10850","","10850",""
"Ethiopia","Various","1979","80","","80",""
"France","Various","1979","119489","","119489",""
"Gabon","Benin","1979","200","","200",""
"Gabon","Equatorial Guinea","1979","30000","","30000",""
"Germany","Various","1979","87000","","87000",""
"Ghana","Namibia","1979","80","","80",""
"Ghana","Various","1979","220","","220",""
"Greece","Greece","1979","360","","360",""
"Greece","Various","1979","3410","","3410",""
"Honduras","Nicaragua","1979","130","","130",""
"Hong Kong SAR, China","Viet Nam","1979","55700","","55700",""
"Indonesia","Various","1979","130","","130",""
"Indonesia","Viet Nam","1979","32200","","32200",""
"Iraq","Eritrea","1979","400","","400",""
"Islamic Rep. of Iran","Afghanistan","1979","100000","","100000",""
"Islamic Rep. of Iran","Iraq","1979","30000","","30000",""
"Islamic Rep. of Iran","United Rep. of Tanzania","1979","100","","100",""
"Italy","Various","1979","14100","","14100",""
"Japan","Viet Nam","1979","1260","","1260",""
"Jordan","Ethiopia","1979","120","","120",""
"Kenya","Ethiopia","1979","1170","","1170",""
"Kenya","Mozambique","1979","120","","120",""
"Kenya","Rwanda","1979","730","","730",""
"Kenya","Somalia","1979","90","","90",""
"Kenya","South Africa","1979","80","","80",""
"Kenya","Uganda","1979","3550","","3550",""
"Kenya","Various","1979","70","","70",""
"Kuwait","Ethiopia","1979","5000","","5000",""
"Lao People's Dem. Rep.","Cambodia","1979","110","","110",""
"Lebanon","Armenia","1979","300","","300",""
"Lebanon","Ethiopia","1979","1100","","1100",""
"Lebanon","Iraq","1979","1000","","1000",""
"Lebanon","Syrian Arab Rep.","1979","500","","500",""
"Lesotho","South Africa","1979","500","","500",""
"Lesotho","Various","1979","190","","190",""
"Macao SAR, China","Viet Nam","1979","3490","","3490",""
"Malaysia","Cambodia","1979","580","","580",""
"Malaysia","Philippines","1979","90000","","90000",""
"Malaysia","Viet Nam","1979","34300","","34300",""
"Mexico","Nicaragua","1979","710","","710",""
"Mexico","Various","1979","5060","","5060",""
"Morocco","Various","1979","500","","500",""
"Mozambique","Zimbabwe","1979","150000","","150000",""
"Nepal","Tibetans","1979","8600","","8600",""
"Netherlands","Various","1979","10000","","10000",""
"New Zealand","Various","1979","10000","","10000",""
"Nigeria","South Africa","1979","110","","110",""
"Nigeria","Various","1979","180","","180",""
"Nigeria","Zimbabwe","1979","110","","110",""
"Norway","Various","1979","6000","","6000",""
"Pakistan","Afghanistan","1979","400000","","400000",""
"Panama","Nicaragua","1979","710","","710",""
"Panama","Various","1979","360","","360",""
"Papua New Guinea","Indonesia","1979","1000","","1000",""
"Paraguay","Various","1979","1200","","1200",""
"Peru","Various","1979","850","","850",""
"Peru","Viet Nam","1979","5430","","5430",""
"Philippines","Viet Nam","1979","5300","","5300",""
"Portugal","Various","1979","7600","","7600",""
"Rep. of Korea","Viet Nam","1979","170","","170",""
"Romania","Chile","1979","1000","","1000",""
"Rwanda","Burundi","1979","7800","","7800",""
"Rwanda","Uganda","1979","100","","100",""
"Saudi Arabia","Ethiopia","1979","100000","","100000",""
"Senegal","Guinea-Bissau","1979","5000","","5000",""
"Serbia (and Kosovo: S/RES/1244 (1999))","Albania","1979","1610","","1610",""
"Serbia (and Kosovo: S/RES/1244 (1999))","Chile","1979","130","","130",""
"Serbia (and Kosovo: S/RES/1244 (1999))","Various","1979","230","","230",""
"Sierra Leone","Various","1979","60","","60",""
"Singapore","Various","1979","900","","900",""
"Somalia","Ethiopia","1979","1175000","","1175000",""
"Somalia","Various","1979","190","","190",""
"Spain","Various","1979","26000","","26000",""
"Sudan","Chad","1979","1000","","1000",""
"Sudan","Dem. Rep. of the Congo","1979","4500","","4500",""
"Sudan","Ethiopia","1979","311200","","311200",""
"Sudan","Uganda","1979","35000","","35000",""
"Swaziland","Mozambique","1979","250","","250",""
"Swaziland","South Africa","1979","5000","","5000",""
"Sweden","Various","1979","20000","","20000",""
"Switzerland","Various","1979","30000","","30000",""
"Syrian Arab Rep.","Ethiopia","1979","200","","200",""
"Thailand","Cambodia","1979","15410","","15410",""
"Thailand","Lao People's Dem. Rep.","1979","128770","","128770",""
"Thailand","Viet Nam","1979","7440","","7440",""
"Turkey","Various","1979","1060","","1060",""
"Uganda","Dem. Rep. of the Congo","1979","34000","","34000",""
"Uganda","Ethiopia","1979","200","","200",""
"Uganda","Kenya","1979","80","","80",""
"Uganda","Rwanda","1979","78000","","78000",""
"Uganda","Various","1979","400","","400",""
"United Arab Emirates","Uganda","1979","90","","90",""
"United Arab Emirates","United Rep. of Tanzania","1979","500","","500",""
"United Kingdom","Various","1979","146000","","146000",""
"United Rep. of Tanzania","Burundi","1979","132880","","132880",""
"United Rep. of Tanzania","Dem. Rep. of the Congo","1979","320","","320",""
"United Rep. of Tanzania","Malawi","1979","70","","70",""
"United Rep. of Tanzania","Rwanda","1979","26330","","26330",""
"United Rep. of Tanzania","South Africa","1979","120","","120",""
"United Rep. of Tanzania","Uganda","1979","110","","110",""
"United Rep. of Tanzania","Various","1979","990","","990",""
"United States","Various","1979","734000","","734000",""
"Uruguay","Various","1979","2000","","2000",""
"Various","Various","1979","167490","","167490",""
"Various","Viet Nam","1979","2000","","2000",""
"Venezuela (Bolivarian Republic of)","Various","1979","16000","","16000",""
"Viet Nam","Cambodia","1979","35000","","35000",""
"Yemen","Ethiopia","1979","360","","360",""
"Yemen","Yemen","1979","15000","","15000",""
"Zambia","Angola","1979","26000","","26000",""
"Zambia","Dem. Rep. of the Congo","1979","620","","620",""
"Zambia","Malawi","1979","390","","390",""
"Zambia","Namibia","1979","5500","","5500",""
"Zambia","South Africa","1979","150","","150",""
"Zambia","Uganda","1979","80","","80",""
"Zambia","Various","1979","50","","50",""
"Zambia","Zimbabwe","1979","25000","","25000",""
"Algeria","Chile","1978","2000","","2000",""
"Algeria","Western Sahara","1978","50000","","50000",""
"Angola","Dem. Rep. of the Congo","1978","110550","","110550",""
"Angola","Namibia","1978","30000","","30000",""
"Angola","South Africa","1978","1000","","1000",""
"Argentina","Various","1978","26390","","26390",""
"Australia","Various","1978","304000","","304000",""
"Austria","Various","1978","20000","","20000",""
"Bangladesh","Myanmar","1978","160000","","160000",""
"Bangladesh","Various","1978","4000","","4000",""
"Belgium","Various","1978","17000","","17000",""
"Bolivia (Plurinational State of)","Various","1978","500","","500",""
"Botswana","Angola","1978","210","","210",""
"Botswana","Lesotho","1978","160","","160",""
"Botswana","South Africa","1978","420","","420",""
"Botswana","Various","1978","450","","450",""
"Botswana","Zimbabwe","1978","17760","","17760",""
"Brazil","Various","1978","35000","","35000",""
"Burundi","Dem. Rep. of the Congo","1978","910","","910",""
"Burundi","Rwanda","1978","49430","","49430",""
"Cameroon","Equatorial Guinea","1978","30000","","30000",""
"Canada","Various","1978","31295","","31295",""
"Chile","Serbia (and Kosovo: S/RES/1244 (1999))","1978","80","","80",""
"Chile","Various","1978","3000","","3000",""
"Colombia","Various","1978","1500","","1500",""
"Congo","Angola","1978","150","","150",""
"Costa Rica","Nicaragua","1978","130000","","130000",""
"Costa Rica","Various","1978","3000","","3000",""
"Cuba","Nicaragua","1978","4000","","4000",""
"Dem. Rep. of the Congo","Angola","1978","620000","","620000",""
"Dem. Rep. of the Congo","Burundi","1978","11000","","11000",""
"Dem. Rep. of the Congo","Rwanda","1978","22000","","22000",""
"Denmark","Various","1978","1800","","1800",""
"Djibouti","Ethiopia","1978","20000","","20000",""
"Dominican Rep.","Haiti","1978","300","","300",""
"Egypt","Armenia","1978","420","","420",""
"Egypt","Ethiopia","1978","600","","600",""
"Egypt","Turkey","1978","60","","60",""
"Egypt","Various","1978","3920","","3920",""
"Ethiopia","Sudan","1978","10850","","10850",""
"Ethiopia","Various","1978","80","","80",""
"France","Various","1978","126229","","126229",""
"Gabon","Benin","1978","200","","200",""
"Gabon","Equatorial Guinea","1978","60000","","60000",""
"Germany","Various","1978","83500","","83500",""
"Ghana","Namibia","1978","50","","50",""
"Ghana","Various","1978","20","","20",""
"Greece","Greece","1978","380","","380",""
"Greece","Various","1978","2140","","2140",""
"Honduras","Nicaragua","1978","10000","","10000",""
"Honduras","Various","1978","5000","","5000",""
"Hong Kong SAR, China","Various","1978","7700","","7700",""
"Hong Kong SAR, China","Viet Nam","1978","55710","","55710",""
"Indonesia","Viet Nam","1978","2240","","2240",""
"Italy","Various","1978","11700","","11700",""
"Japan","Viet Nam","1978","610","","610",""
"Jordan","Ethiopia","1978","80","","80",""
"Kenya","Ethiopia","1978","940","","940",""
"Kenya","Mozambique","1978","130","","130",""
"Kenya","Rwanda","1978","580","","580",""
"Kenya","Somalia","1978","90","","90",""
"Kenya","South Africa","1978","60","","60",""
"Kenya","Uganda","1978","4630","","4630",""
"Kenya","Various","1978","70","","70",""
"Lao People's Dem. Rep.","Cambodia","1978","120","","120",""
"Lebanon","Egypt","1978","50","","50",""
"Lebanon","Iraq","1978","560","","560",""
"Lebanon","Various","1978","4390","","4390",""
"Lesotho","South Africa","1978","990","","990",""
"Macao SAR, China","Various","1978","850","","850",""
"Malaysia","Philippines","1978","92000","","92000",""
"Malaysia","Viet Nam","1978","49580","","49580",""
"Mexico","Various","1978","5000","","5000",""
"Morocco","Hungary","1978","50","","50",""
"Morocco","Poland","1978","50","","50",""
"Morocco","Russian Federation","1978","50","","50",""
"Morocco","Various","1978","350","","350",""
"Mozambique","Zimbabwe","1978","100000","","100000",""
"Nepal","Tibetans","1978","8500","","8500",""
"Netherlands","Various","1978","8000","","8000",""
"New Zealand","Various","1978","10000","","10000",""
"Nigeria","Various","1978","370","","370",""
"Norway","Various","1978","6000","","6000",""
"Panama","Dominican Rep.","1978","50","","50",""
"Panama","Nicaragua","1978","800","","800",""
"Panama","Various","1978","200","","200",""
"Papua New Guinea","Indonesia","1978","1000","","1000",""
"Paraguay","Various","1978","1500","","1500",""
"Peru","Various","1978","1100","","1100",""
"Philippines","Serbia (and Kosovo: S/RES/1244 (1999))","1978","4000","","4000",""
"Philippines","Viet Nam","1978","1300","","1300",""
"Portugal","Various","1978","7500","","7500",""
"Rep. of Korea","Viet Nam","1978","70","","70",""
"Romania","Chile","1978","1000","","1000",""
"Rwanda","Burundi","1978","7600","","7600",""
"Senegal","Guinea-Bissau","1978","5000","","5000",""
"Serbia (and Kosovo: S/RES/1244 (1999))","Albania","1978","1610","","1610",""
"Serbia (and Kosovo: S/RES/1244 (1999))","Chile","1978","130","","130",""
"Serbia (and Kosovo: S/RES/1244 (1999))","Various","1978","230","","230",""
"Sierra Leone","Various","1978","50","","50",""
"Singapore","Viet Nam","1978","730","","730",""
"Somalia","Ethiopia","1978","600000","","600000",""
"Spain","Various","1978","15000","","15000",""
"Sudan","Dem. Rep. of the Congo","1978","4500","","4500",""
"Sudan","Ethiopia","1978","265500","","265500",""
"Swaziland","South Africa","1978","720","","720",""
"Sweden","Various","1978","20000","","20000",""
"Switzerland","Various","1978","30000","","30000",""
"Syrian Arab Rep.","Various","1978","170","","170",""
"Thailand","Cambodia","1978","15000","","15000",""
"Thailand","Lao People's Dem. Rep.","1978","119180","","119180",""
"Thailand","Viet Nam","1978","4770","","4770",""
"Turkey","Albania","1978","370","","370",""
"Turkey","Bulgaria","1978","290","","290",""
"Turkey","Hungary","1978","70","","70",""
"Turkey","Romania","1978","60","","60",""
"Turkey","Serbia (and Kosovo: S/RES/1244 (1999))","1978","120","","120",""
"Turkey","Various","1978","160","","160",""
"Uganda","Dem. Rep. of the Congo","1978","34700","","34700",""
"Uganda","Ethiopia","1978","500","","500",""
"Uganda","Kenya","1978","80","","80",""
"Uganda","Rwanda","1978","78000","","78000",""
"Uganda","Various","1978","400","","400",""
"United Arab Emirates","Uganda","1978","90","","90",""
"United Arab Emirates","United Rep. of Tanzania","1978","300","","300",""
"United Kingdom","Various","1978","150000","","150000",""
"United Rep. of Tanzania","Burundi","1978","129580","","129580",""
"United Rep. of Tanzania","Dem. Rep. of the Congo","1978","340","","340",""
"United Rep. of Tanzania","Malawi","1978","60","","60",""
"United Rep. of Tanzania","Rwanda","1978","25100","","25100",""
"United Rep. of Tanzania","South Africa","1978","500","","500",""
"United Rep. of Tanzania","Uganda","1978","4100","","4100",""
"United Rep. of Tanzania","Various","1978","1200","","1200",""
"United Rep. of Tanzania","Zimbabwe","1978","80","","80",""
"United States","Various","1978","734000","","734000",""
"Uruguay","Various","1978","2000","","2000",""
"Various","Various","1978","142840","","142840",""
"Various","Viet Nam","1978","9200","","9200",""
"Venezuela (Bolivarian Republic of)","Various","1978","16000","","16000",""
"Viet Nam","Cambodia","1978","150000","","150000",""
"Yemen","Ethiopia","1978","50","","50",""
"Yemen","Yemen","1978","15000","","15000",""
"Zambia","Angola","1978","25750","","25750",""
"Zambia","Dem. Rep. of the Congo","1978","560","","560",""
"Zambia","Malawi","1978","250","","250",""
"Zambia","Namibia","1978","5710","","5710",""
"Zambia","South Africa","1978","150","","150",""
"Zambia","Various","1978","1400","","1400",""
"Zambia","Zimbabwe","1978","45320","","45320",""
"Algeria","Chile","1977","2000","","2000",""
"Algeria","Western Sahara","1977","50000","","50000",""
"Angola","Dem. Rep. of the Congo","1977","225000","","225000",""
"Angola","Namibia","1977","10000","","10000",""
"Argentina","Various","1977","35000","","35000",""
"Austria","Various","1977","20000","","20000",""
"Belgium","Various","1977","17000","","17000",""
"Botswana","Angola","1977","130","","130",""
"Botswana","Lesotho","1977","90","","90",""
"Botswana","Namibia","1977","80","","80",""
"Botswana","South Africa","1977","510","","510",""
"Botswana","Zimbabwe","1977","4000","","4000",""
"Brazil","Various","1977","36000","","36000",""
"Burundi","Rwanda","1977","50000","","50000",""
"Cameroon","Equatorial Guinea","1977","30000","","30000",""
"Canada","Various","1977","29537","","29537",""
"Chile","Various","1977","5200","","5200",""
"Colombia","Various","1977","1800","","1800",""
"Costa Rica","Various","1977","3500","","3500",""
"Cuba","Various","1977","2600","","2600",""
"Cyprus","Cyprus","1977","700","","700",""
"Dem. Rep. of the Congo","Angola","1977","500000","","500000",""
"Dem. Rep. of the Congo","Burundi","1977","11300","","11300",""
"Dem. Rep. of the Congo","Rwanda","1977","18000","","18000",""
"Dem. Rep. of the Congo","Various","1977","1000","","1000",""
"Denmark","Various","1977","1764","","1764",""
"Djibouti","Ethiopia","1977","8000","","8000",""
"Dominican Rep.","Various","1977","500","","500",""
"Ecuador","Various","1977","200","","200",""
"Egypt","Armenia","1977","440","","440",""
"Egypt","Ethiopia","1977","530","","530",""
"Egypt","Russian Federation","1977","50","","50",""
"Egypt","South Africa","1977","70","","70",""
"Egypt","Turkey","1977","70","","70",""
"Egypt","Various","1977","3350","","3350",""
"Ethiopia","Sudan","1977","10850","","10850",""
"Ethiopia","Various","1977","90","","90",""
"France","Various","1977","119413","","119413",""
"Gabon","Equatorial Guinea","1977","90000","","90000",""
"Germany","Various","1977","120000","","120000",""
"Ghana","Namibia","1977","50","","50",""
"Ghana","Various","1977","120","","120",""
"Greece","Greece","1977","410","","410",""
"Greece","Various","1977","2200","","2200",""
"Italy","Various","1977","11700","","11700",""
"Japan","Viet Nam","1977","600","","600",""
"Kenya","Ethiopia","1977","820","","820",""
"Kenya","Mozambique","1977","120","","120",""
"Kenya","Namibia","1977","50","","50",""
"Kenya","Rwanda","1977","570","","570",""
"Kenya","Somalia","1977","60","","60",""
"Kenya","South Africa","1977","50","","50",""
"Kenya","Uganda","1977","4280","","4280",""
"Kenya","Various","1977","60","","60",""
"Lao People's Dem. Rep.","Cambodia","1977","100","","100",""
"Lebanon","Various","1977","700000","","700000",""
"Lesotho","South Africa","1977","930","","930",""
"Lesotho","Various","1977","200","","200",""
"Liberia","Guinea","1977","1500","","1500",""
"Liberia","Various","1977","50","","50",""
"Malaysia","Cambodia","1977","1580","","1580",""
"Malaysia","Philippines","1977","90000","","90000",""
"Malaysia","Various","1977","540","","540",""
"Malaysia","Viet Nam","1977","3880","","3880",""
"Mexico","Various","1977","4000","","4000",""
"Morocco","Various","1977","500","","500",""
"Mozambique","Various","1977","60","","60",""
"Mozambique","Zimbabwe","1977","42400","","42400",""
"Nepal","Tibetans","1977","8400","","8400",""
"Netherlands","Various","1977","8000","","8000",""
"Niger","Guinea","1977","1500","","1500",""
"Nigeria","Namibia","1977","50","","50",""
"Nigeria","South Africa","1977","160","","160",""
"Nigeria","Various","1977","90","","90",""
"Norway","Various","1977","6000","","6000",""
"Panama","Various","1977","500","","500",""
"Paraguay","Various","1977","1500","","1500",""
"Peru","Various","1977","1200","","1200",""
"Philippines","Viet Nam","1977","1300","","1300",""
"Portugal","Various","1977","7500","","7500",""
"Romania","Chile","1977","1000","","1000",""
"Rwanda","Burundi","1977","7500","","7500",""
"Senegal","Guinea-Bissau","1977","5000","","5000",""
"Serbia (and Kosovo: S/RES/1244 (1999))","Albania","1977","2000","","2000",""
"Sierra Leone","Various","1977","150","","150",""
"Somalia","Ethiopia","1977","500000","","500000",""
"Spain","Various","1977","15000","","15000",""
"Sudan","Dem. Rep. of the Congo","1977","4500","","4500",""
"Sudan","Ethiopia","1977","145500","","145500",""
"Swaziland","South Africa","1977","135","","135",""
"Sweden","Various","1977","20000","","20000",""
"Switzerland","Various","1977","30000","","30000",""
"Thailand","Cambodia","1977","15030","","15030",""
"Thailand","Lao People's Dem. Rep.","1977","78970","","78970",""
"Thailand","Viet Nam","1977","3600","","3600",""
"Turkey","Various","1977","1050","","1050",""
"Uganda","Dem. Rep. of the Congo","1977","34710","","34710",""
"Uganda","Ethiopia","1977","500","","500",""
"Uganda","Kenya","1977","1200","","1200",""
"Uganda","Rwanda","1977","76840","","76840",""
"Uganda","South Africa","1977","80","","80",""
"Uganda","Various","1977","120","","120",""
"Uganda","Zimbabwe","1977","120","","120",""
"United Arab Emirates","Uganda","1977","90","","90",""
"United Arab Emirates","United Rep. of Tanzania","1977","300","","300",""
"United Kingdom","Various","1977","148000","","148000",""
"United Rep. of Tanzania","Burundi","1977","134750","","134750",""
"United Rep. of Tanzania","Dem. Rep. of the Congo","1977","530","","530",""
"United Rep. of Tanzania","Malawi","1977","100","","100",""
"United Rep. of Tanzania","Rwanda","1977","24370","","24370",""
"United Rep. of Tanzania","South Africa","1977","310","","310",""
"United Rep. of Tanzania","Uganda","1977","3630","","3630",""
"United Rep. of Tanzania","Various","1977","920","","920",""
"United States","Various","1977","684700","","684700",""
"Uruguay","Various","1977","2000","","2000",""
"Various","Various","1977","118200","","118200",""
"Various","Viet Nam","1977","5000","","5000",""
"Venezuela (Bolivarian Republic of)","Various","1977","16000","","16000",""
"Viet Nam","Cambodia","1977","60000","","60000",""
"Yemen","Various","1977","50","","50",""
"Zambia","Angola","1977","29700","","29700",""
"Zambia","Dem. Rep. of the Congo","1977","200","","200",""
"Zambia","Malawi","1977","950","","950",""
"Zambia","Namibia","1977","2700","","2700",""
"Zambia","South Africa","1977","150","","150",""
"Zambia","Various","1977","1200","","1200",""
"Zambia","Zimbabwe","1977","30000","","30000",""
"Algeria","Chile","1976","650","","650",""
"Algeria","Spain","1976","450","","450",""
"Algeria","State of Palestine","1976","3200","","3200",""
"Algeria","Uruguay","1976","110","","110",""
"Algeria","Various","1976","170","","170",""
"Algeria","Western Sahara","1976","35000","","35000",""
"Angola","Dem. Rep. of the Congo","1976","5000","","5000",""
"Angola","Namibia","1976","5000","","5000",""
"Argentina","Bolivia (Plurinational State of)","1976","60","","60",""
"Argentina","Chile","1976","1580","","1580",""
"Argentina","Uruguay","1976","1050","","1050",""
"Argentina","Various","1976","38320","","38320",""
"Austria","Various","1976","25000","","25000",""
"Belgium","Various","1976","17000","","17000",""
"Botswana","Angola","1976","120","","120",""
"Botswana","Namibia","1976","560","","560",""
"Botswana","South Africa","1976","780","","780",""
"Botswana","Various","1976","280","","280",""
"Botswana","Zimbabwe","1976","1100","","1100",""
"Brazil","Various","1976","30000","","30000",""
"Burundi","Rwanda","1976","49500","","49500",""
"Cameroon","Equatorial Guinea","1976","30000","","30000",""
"Canada","Various","1976","27387","","27387",""
"Chile","Various","1976","4000","","4000",""
"Côte d'Ivoire","Guinea","1976","500000","","500000",""
"Côte d'Ivoire","Various","1976","70","","70",""
"Dem. Rep. of the Congo","Angola","1976","471340","","471340",""
"Dem. Rep. of the Congo","Burundi","1976","18220","","18220",""
"Dem. Rep. of the Congo","Rwanda","1976","24500","","24500",""
"Dem. Rep. of the Congo","Various","1976","190","","190",""
"Dem. Rep. of the Congo","Zambia","1976","750","","750",""
"Denmark","Various","1976","2100","","2100",""
"Egypt","Various","1976","4000","","4000",""
"Ethiopia","Sudan","1976","10600","","10600",""
"Ethiopia","Various","1976","90","","90",""
"France","Various","1976","114634","","114634",""
"Gabon","Equatorial Guinea","1976","60000","","60000",""
"Germany","Various","1976","122000","","122000",""
"Ghana","Various","1976","180","","180",""
"Greece","Greece","1976","450","","450",""
"Greece","Various","1976","2110","","2110",""
"Italy","Various","1976","11900","","11900",""
"Kenya","Ethiopia","1976","630","","630",""
"Kenya","Mozambique","1976","130","","130",""
"Kenya","Namibia","1976","60","","60",""
"Kenya","Rwanda","1976","330","","330",""
"Kenya","Somalia","1976","50","","50",""
"Kenya","South Africa","1976","50","","50",""
"Kenya","Uganda","1976","450","","450",""
"Kenya","Various","1976","800","","800",""
"Lao People's Dem. Rep.","Cambodia","1976","110","","110",""
"Lebanon","Various","1976","700000","","700000",""
"Lesotho","South Africa","1976","900","","900",""
"Morocco","Hungary","1976","50","","50",""
"Morocco","Poland","1976","50","","50",""
"Morocco","Russian Federation","1976","60","","60",""
"Morocco","Spain","1976","60","","60",""
"Morocco","Various","1976","140","","140",""
"Mozambique","Zimbabwe","1976","30000","","30000",""
"Nepal","Tibetans","1976","8300","","8300",""
"Netherlands","Various","1976","7900","","7900",""
"Nigeria","Namibia","1976","50","","50",""
"Norway","Various","1976","1000","","1000",""
"Peru","Chile","1976","440","","440",""
"Philippines","Viet Nam","1976","940","","940",""
"Rwanda","Burundi","1976","7500","","7500",""
"Senegal","Guinea-Bissau","1976","37000","","37000",""
"Senegal","Various","1976","1000","","1000",""
"Serbia (and Kosovo: S/RES/1244 (1999))","Various","1976","26000","","26000",""
"Sierra Leone","Various","1976","170","","170",""
"Spain","Various","1976","16500","","16500",""
"Sudan","Dem. Rep. of the Congo","1976","4500","","4500",""
"Sudan","Ethiopia","1976","105000","","105000",""
"Sudan","Uganda","1976","600","","600",""
"Swaziland","South Africa","1976","80","","80",""
"Sweden","Various","1976","20000","","20000",""
"Switzerland","Various","1976","35000","","35000",""
"Thailand","Cambodia","1976","17090","","17090",""
"Thailand","Lao People's Dem. Rep.","1976","62720","","62720",""
"Thailand","Viet Nam","1976","3060","","3060",""
"Togo","Benin","1976","100","","100",""
"Turkey","Various","1976","1060","","1060",""
"Uganda","Dem. Rep. of the Congo","1976","34230","","34230",""
"Uganda","Ethiopia","1976","70","","70",""
"Uganda","Rwanda","1976","78480","","78480",""
"Uganda","United Rep. of Tanzania","1976","90","","90",""
"Uganda","Various","1976","60","","60",""
"United Arab Emirates","Various","1976","4000","","4000",""
"United Kingdom","Various","1976","153000","","153000",""
"United Rep. of Tanzania","Burundi","1976","126600","","126600",""
"United Rep. of Tanzania","Dem. Rep. of the Congo","1976","340","","340",""
"United Rep. of Tanzania","Malawi","1976","60","","60",""
"United Rep. of Tanzania","Rwanda","1976","23600","","23600",""
"United Rep. of Tanzania","Uganda","1976","2200","","2200",""
"United Rep. of Tanzania","Various","1976","1200","","1200",""
"United States","Various","1976","500000","","500000",""
"Various","Various","1976","603300","","603300",""
"Zambia","Angola","1976","27730","","27730",""
"Zambia","Mozambique","1976","450","","450",""
"Zambia","Namibia","1976","3350","","3350",""
"Zambia","South Africa","1976","370","","370",""
"Zambia","Various","1976","2050","","2050",""
"Zambia","Zimbabwe","1976","120","","120",""
"Algeria","Chile","1975","350","","350",""
"Algeria","Various","1975","650","","650",""
"Algeria","Western Sahara","1975","20000","","20000",""
"Argentina","Bolivia (Plurinational State of)","1975","90","","90",""
"Argentina","Chile","1975","14400","","14400",""
"Argentina","Uruguay","1975","570","","570",""
"Argentina","Various","1975","30940","","30940",""
"Austria","Various","1975","20000","","20000",""
"Belgium","Various","1975","16788","","16788",""
"Botswana","Angola","1975","1790","","1790",""
"Botswana","Lesotho","1975","190","","190",""
"Botswana","Namibia","1975","150","","150",""
"Botswana","South Africa","1975","190","","190",""
"Botswana","Zimbabwe","1975","80","","80",""
"Brazil","Various","1975","32000","","32000",""
"Burundi","Rwanda","1975","49500","","49500",""
"Cameroon","Equatorial Guinea","1975","30000","","30000",""
"Canada","Various","1975","16349","","16349",""
"Central African Rep.","Various","1975","5000","","5000",""
"Chile","Various","1975","3300","","3300",""
"Congo","Angola","1975","5000","","5000",""
"Côte d'Ivoire","Guinea","1975","300000","","300000",""
"Dem. Rep. of the Congo","Angola","1975","460000","","460000",""
"Dem. Rep. of the Congo","Burundi","1975","24000","","24000",""
"Dem. Rep. of the Congo","Rwanda","1975","24300","","24300",""
"Dem. Rep. of the Congo","Various","1975","950","","950",""
"Dem. Rep. of the Congo","Zambia","1975","750","","750",""
"Denmark","Various","1975","2125","","2125",""
"Egypt","Various","1975","4000","","4000",""
"Ethiopia","Sudan","1975","11000","","11000",""
"Ethiopia","Various","1975","150","","150",""
"France","Various","1975","109882","","109882",""
"Gabon","Equatorial Guinea","1975","60000","","60000",""
"Germany","Various","1975","122000","","122000",""
"Ghana","Various","1975","130","","130",""
"Greece","Greece","1975","510","","510",""
"Greece","Various","1975","2090","","2090",""
"Italy","Various","1975","11900","","11900",""
"Kenya","Ethiopia","1975","300","","300",""
"Kenya","Mozambique","1975","600","","600",""
"Kenya","Namibia","1975","100","","100",""
"Kenya","Rwanda","1975","700","","700",""
"Kenya","South Africa","1975","90","","90",""
"Kenya","Various","1975","600","","600",""
"Kenya","Zimbabwe","1975","60","","60",""
"Lao People's Dem. Rep.","Various","1975","70","","70",""
"Lesotho","South Africa","1975","190","","190",""
"Morocco","Czech Rep.","1975","50","","50",""
"Morocco","Hungary","1975","70","","70",""
"Morocco","Poland","1975","60","","60",""
"Morocco","Russian Federation","1975","70","","70",""
"Morocco","Spain","1975","140","","140",""
"Morocco","Various","1975","120","","120",""
"Mozambique","Malawi","1975","30000","","30000",""
"Mozambique","South Africa","1975","70","","70",""
"Mozambique","Zimbabwe","1975","14500","","14500",""
"Nepal","Tibetans","1975","8200","","8200",""
"Netherlands","Various","1975","7850","","7850",""
"Norway","Various","1975","3000","","3000",""
"Peru","Chile","1975","600","","600",""
"Philippines","Viet Nam","1975","690","","690",""
"Portugal","Various","1975","150","","150",""
"Rwanda","Burundi","1975","7400","","7400",""
"Senegal","Guinea-Bissau","1975","46000","","46000",""
"Serbia (and Kosovo: S/RES/1244 (1999))","Various","1975","26300","","26300",""
"Spain","Various","1975","16000","","16000",""
"Sudan","Dem. Rep. of the Congo","1975","4500","","4500",""
"Sudan","Ethiopia","1975","91000","","91000",""
"Swaziland","Various","1975","50","","50",""
"Sweden","Various","1975","20000","","20000",""
"Switzerland","Various","1975","35000","","35000",""
"Thailand","Cambodia","1975","18830","","18830",""
"Thailand","Lao People's Dem. Rep.","1975","55510","","55510",""
"Thailand","Viet Nam","1975","1420","","1420",""
"Turkey","Albania","1975","380","","380",""
"Turkey","Bulgaria","1975","300","","300",""
"Turkey","Hungary","1975","70","","70",""
"Turkey","Romania","1975","70","","70",""
"Turkey","Serbia (and Kosovo: S/RES/1244 (1999))","1975","120","","120",""
"Turkey","Various","1975","120","","120",""
"Uganda","Dem. Rep. of the Congo","1975","34450","","34450",""
"Uganda","Rwanda","1975","78120","","78120",""
"Uganda","Various","1975","60","","60",""
"United Kingdom","Various","1975","153000","","153000",""
"United Rep. of Tanzania","Burundi","1975","110540","","110540",""
"United Rep. of Tanzania","Dem. Rep. of the Congo","1975","400","","400",""
"United Rep. of Tanzania","Malawi","1975","80","","80",""
"United Rep. of Tanzania","Mozambique","1975","33700","","33700",""
"United Rep. of Tanzania","Rwanda","1975","23100","","23100",""
"United Rep. of Tanzania","South Africa","1975","60","","60",""
"United Rep. of Tanzania","Uganda","1975","2300","","2300",""
"United Rep. of Tanzania","Various","1975","900","","900",""
"United Rep. of Tanzania","Zimbabwe","1975","80","","80",""
"United States","Various","1975","530000","","530000",""
"Various","Angola","1975","5000","","5000",""
"Various","Various","1975","749120","","749120",""
"Zambia","Angola","1975","30040","","30040",""
"Zambia","Congo","1975","110","","110",""
"Zambia","Dem. Rep. of the Congo","1975","60","","60",""
"Zambia","Ethiopia","1975","110","","110",""
"Zambia","Kenya","1975","90","","90",""
"Zambia","Lesotho","1975","120","","120",""
"Zambia","Malawi","1975","270","","270",""
"Zambia","Mozambique","1975","450","","450",""
"Zambia","Namibia","1975","3720","","3720",""
"Zambia","Somalia","1975","110","","110",""
"Zambia","South Africa","1975","760","","760",""
"Zambia","Uganda","1975","210","","210",""

"fnSeqID","Footnote"
"*","Persons recognized as refugees under the 1951 UN Convention/1967 Protocol, the 1969 OAU Convention, in accordance with the UNHCR Statute, persons granted a complementary form of protection and those granted temporary protection. In the absence of Government estimates, UNHCR has estimated the refugee population in 24 industrialized countries based on 10 years of individual refugee recognition."
"**","The category of people in refugee-like situations is descriptive in nature and includes groups of persons who are outside their country or territory of origin and who face protection risks similar to those of refugees, but for whom refugee status has, for practical or other reasons, not been ascertained."
